 Invensys Top Part Report for 009-00722.pcb on 11/1/2012 10:23:37 AM,,,,,,,,,
,,,,,,,,,
Requested Condition:,,,,,,,,,
Layer Name contains 'Top',,,,,,,,,
,,,,,,,,,
Name,Position X,Position Y,Rotation,Layer Name,Part Type,PCB Decal,Glued,SMD,Description
A1,3820,2200,0,Top,054-00016-01,AHA,No,No,SPEAKER -PIEZO
C1,13140,2100,90,Top,002-00588-66,CRE10(30X35),No,No,CAP 220uF 450V 20% AL
C2,12980,1020,270,Top,002-00564-65,C10MM(15.5X4.5),No,No,CAP 4700pF 1KV 10% CD
C3,9660,2620,90,Top,002-00498-00,CRE200(414X690),No,No,CAP RAD A/E 1000uF 16V 20%
C4,7070,3460,270,Top,602-00025-03,CS0805,No,Yes,CAP SMD0805 CER .1uF 50V 10% X7R
C5,7320,3380,0,Top,602-30047-00,CSE8X10,No,Yes,CAP SMD8X10 AE 100uF 50V 20% 105C LOW Z
C6,6320,2620,0,Top,602-35003-00,CSE6.3X5.4,No,Yes,CAP SMD6.3X5.4 ALU ELEC 100uF 16V 20% 105C
C7,6100,2660,270,Top,602-00025-03,CS0805,No,Yes,CAP SMD0805 CER .1uF 50V 10% X7R
C8,4360,1700,270,Top,602-00020-03,CS0805,No,Yes,CAP SMD0805 CER .01uF 50V 10% X7R
C9,1000,3225,270,Top,602-00022-03,CS0805,No,Yes,CAP SMD0805 CER .001uF 100V 10% X7R
C10,12180,2200,270,Top,602-00058-03,CS0805,No,Yes,CAP SMD0805 CER .047uF 50V 10% 125C XR7
C11,4800,1700,0,Top,602-35003-00,CSE6.3X5.4,No,Yes,CAP SMD6.3X5.4 ALU ELEC 100uF 16V 20% 105C
C12,4560,1735,270,Top,602-00025-03,CS0805,No,Yes,CAP SMD0805 CER .1uF 50V 10% X7R
C13,4220,1115,0,Top,602-00025-03,CS0805,No,Yes,CAP SMD0805 CER .1uF 50V 10% X7R
C14,5760,1700,180,Top,602-00018-03,CS0805,No,Yes,CAP SMD0805 CER 15pF 100V 10% X7R
C15,5580,1700,0,Top,602-00018-03,CS0805,No,Yes,CAP SMD0805 CER 15pF 100V 10% X7R
C16,5420,1740,90,Top,602-00044-03,CS0805,No,Yes,CAP SMD0805 .47uF 16V X7R
C17,6260,1870,270,Top,002-00498-66,CRE200(414X690),No,No,CAP RAD A/E 1000uF 16V 20%
C18,10320,2100,90,Top,602-00020-03,CS0805,No,Yes,CAP SMD0805 CER .01uF 50V 10% X7R
C19,5320,1740,270,Top,602-00020-03,CS0805,No,Yes,CAP SMD0805 CER .01uF 50V 10% X7R
C20,4940,2360,90,Top,602-00025-03,CS0805,No,Yes,CAP SMD0805 CER .1uF 50V 10% X7R
C21,2720,680,0,Top,602-00025-03,CS0805,No,Yes,CAP SMD0805 CER .1uF 50V 10% X7R
C22,5440,2660,0,Top,602-00044-03,CS0805,No,Yes,CAP SMD0805 .47uF 16V X7R
C23,9960,3080,90,Top,602-00020-03,CS0805,No,Yes,CAP SMD0805 CER .01uF 50V 10% X7R
C24,5740,2770,0,Top,602-00044-03,CS0805,No,Yes,CAP SMD0805 .47uF 16V X7R
C25,12610,2905,90,Top,602-20019-03,CS0805,No,Yes,CAP 3300pF 100V 10% 0805 X7R
C26,11540,2000,90,Top,602-00025-03,CS0805,No,Yes,CAP SMD0805 CER .1uF 50V 10% X7R
C27,4320,960,270,Top,602-00025-03,CS0805,No,Yes,CAP SMD0805 CER .1uF 50V 10% X7R
C28,4580,2660,0,Top,602-00049-07,CSE8X10,No,Yes,CAP SMD8X10 AE 22uF 63V 20% 105C
C29,8360,2720,270,Top,602-00025-03,CS0805,No,Yes,CAP SMD0805 CER .1uF 50V 10% X7R
C31,3220,2480,270,Top,602-00025-03,CS0805,No,Yes,CAP SMD0805 CER .1uF 50V 10% X7R
C32,7720,2550,270,Top,602-00025-03,CS0805,No,Yes,CAP SMD0805 CER .1uF 50V 10% X7R
C33,7520,2550,270,Top,602-00025-03,CS0805,No,Yes,CAP SMD0805 CER .1uF 50V 10% X7R
C34,7620,2375,90,Top,602-00025-03,CS0805,No,Yes,CAP SMD0805 CER .1uF 50V 10% X7R
C35,1935,1250,0,Top,602-35003-00,CSE6.3X5.4,No,Yes,CAP SMD6.3X5.4 ALU ELEC 100uF 16V 20% 105C
C36,8940,2280,90,Top,602-00025-03,CS0805,No,Yes,CAP SMD0805 CER .1uF 50V 10% X7R
C37,7620,2825,90,Top,602-00025-03,CS0805,No,Yes,CAP SMD0805 CER .1uF 50V 10% X7R
C38,8260,2520,270,Top,602-00025-03,CS0805,No,Yes,CAP SMD0805 CER .1uF 50V 10% X7R
C39,5740,2670,0,Top,602-00020-03,CS0805,No,Yes,CAP SMD0805 CER .01uF 50V 10% X7R
C40,2630,3900,90,Top,602-00022-03,CS0805,No,Yes,CAP SMD0805 CER .001uF 100V 10% X7R
C41,2500,3900,90,Top,602-00022-03,CS0805,No,Yes,CAP SMD0805 CER .001uF 100V 10% X7R
C42,2890,3900,90,Top,602-00022-03,CS0805,No,Yes,CAP SMD0805 CER .001uF 100V 10% X7R
C43,7760,3540,270,Top,002-00498-66,CRE200(414X690),No,No,CAP RAD A/E 1000uF 16V 20%
C44,2370,3900,90,Top,602-00022-03,CS0805,No,Yes,CAP SMD0805 CER .001uF 100V 10% X7R
C45,3400,3300,90,Top,602-00022-03,CS0805,No,Yes,CAP SMD0805 CER .001uF 100V 10% X7R
C46,1850,3900,90,Top,602-00022-03,CS0805,No,Yes,CAP SMD0805 CER .001uF 100V 10% X7R
C47,2760,3900,90,Top,602-00022-03,CS0805,No,Yes,CAP SMD0805 CER .001uF 100V 10% X7R
C48,3020,3900,90,Top,602-00022-03,CS0805,No,Yes,CAP SMD0805 CER .001uF 100V 10% X7R
C49,2240,3900,90,Top,602-00022-03,CS0805,No,Yes,CAP SMD0805 CER .001uF 100V 10% X7R
C50,1980,3900,90,Top,602-00022-03,CS0805,No,Yes,CAP SMD0805 CER .001uF 100V 10% X7R
C51,2110,3900,90,Top,602-00022-03,CS0805,No,Yes,CAP SMD0805 CER .001uF 100V 10% X7R
C52,1320,2460,270,Top,602-00025-03,CS0805,No,Yes,CAP SMD0805 CER .1uF 50V 10% X7R
C53,1460,3650,90,Top,602-00022-03,CS0805,No,Yes,CAP SMD0805 CER .001uF 100V 10% X7R
C54,1340,3430,90,Top,602-00022-03,CS0805,No,Yes,CAP SMD0805 CER .001uF 100V 10% X7R
C55,6180,1400,90,Top,602-00020-03,CS0805,No,Yes,CAP SMD0805 CER .01uF 50V 10% X7R
C56,7060,1505,90,Top,602-00025-03,CS0805,No,Yes,CAP SMD0805 CER .1uF 50V 10% X7R
C57,6560,1540,90,Top,602-00025-03,CS0805,No,Yes,CAP SMD0805 CER .1uF 50V 10% X7R
C59,7975,2350,0,Top,602-00025-03,CS0805,No,Yes,CAP SMD0805 CER .1uF 50V 10% X7R
C60,895,3225,270,Top,602-00022-03,CS0805,No,Yes,CAP SMD0805 CER .001uF 100V 10% X7R
C61,8735,2435,0,Top,602-00025-03,CS0805,No,Yes,CAP SMD0805 CER .1uF 50V 10% X7R
C62,9040,2665,90,Top,602-00025-03,CS0805,No,Yes,CAP SMD0805 CER .1uF 50V 10% X7R
C63,7420,2825,90,Top,602-00025-03,CS0805,No,Yes,CAP SMD0805 CER .1uF 50V 10% X7R
C64,7300,1420,180,Top,602-30047-00,CSE8X10,No,Yes,CAP SMD8X10 AE 100uF 50V 20% 105C LOW Z
C65,6800,1420,180,Top,602-30047-00,CSE8X10,No,Yes,CAP SMD8X10 AE 100uF 50V 20% 105C LOW Z
C67,9040,3025,270,Top,602-00025-03,CS0805,No,Yes,CAP SMD0805 CER .1uF 50V 10% X7R
C68,12440,3360,180,Top,602-00077-10,CSE8X6.2,No,Yes,CAP SMD8X6.2 ALU ELEC 22uF 50V 20% 105C
C69,13220,4740,90,Top,002-00489-65,C-BOX591(386X685X720),No,No,CAP MPP .22uF 275V 10% 85C
C70,11040,580,270,Top,002-00587-65,CRE5(10X25),No,No,CAP 1000uF 25V 20% AL
C71,8260,2940,90,Top,602-00025-03,CS0805,No,Yes,CAP SMD0805 CER .1uF 50V 10% X7R
C72,9040,2480,90,Top,602-00025-03,CS0805,No,Yes,CAP SMD0805 CER .1uF 50V 10% X7R
C73,10000,1940,90,Top,002-00498-66,CRE200(414X690),No,No,CAP RAD A/E 1000uF 16V 20%
C74,10450,580,270,Top,002-00587-65,CRE5(10X25),No,No,CAP 1000uF 25V 20% AL
C75,9950,580,270,Top,002-00587-65,CRE5(10X25),No,No,CAP 1000uF 25V 20% AL
C76,11680,1900,0,Top,002-00525-65,C10MM(11X8),No,No,CAP DISC 1000pF 250V 20%
C77,9500,2260,270,Top,602-00025-03,CS0805,No,Yes,CAP SMD0805 CER .1uF 50V 10% X7R
C78,12200,4740,90,Top,002-00489-65,C-BOX591(386X685X720),No,No,CAP MPP .22uF 275V 10% 85C
C79,1610,1260,270,Top,602-00025-03,CS0805,No,Yes,CAP SMD0805 CER .1uF 50V 10% X7R
C80,3120,2780,0,Top,002-00385-00,CHP197,No,No,CAP MPE RB .022uF 630VDC 10% 105C
C81,2430,1230,0,Top,602-10030-03,CS0805,No,Yes,CAP SMD0805 CER 68pF 100V 5% NPO
C82,1600,3650,90,Top,602-00022-03,CS0805,No,Yes,CAP SMD0805 CER .001uF 100V 10% X7R
C83,3150,3900,90,Top,602-00022-03,CS0805,No,Yes,CAP SMD0805 CER .001uF 100V 10% X7R
C84,10720,3000,90,Top,002-00250-66,CRE200(531X1045),No,No,CAP RAD AE 3300uF 16V 20% 105C
C86,11280,2680,90,Top,002-00250-66,CRE200(531X1045),No,No,CAP RAD AE 3300uF 16V 20% 105C
C87,10060,3080,90,Top,602-00025-03,CS0805,No,Yes,CAP SMD0805 CER .1uF 50V 10% X7R
C88,10380,3080,90,Top,602-00025-03,CS0805,No,Yes,CAP SMD0805 CER .1uF 50V 10% X7R
C89,10280,3080,90,Top,602-00025-03,CS0805,No,Yes,CAP SMD0805 CER .1uF 50V 10% X7R
C90,6380,2085,90,Top,602-00025-03,CS0805,No,Yes,CAP SMD0805 CER .1uF 50V 10% X7R
C91,9000,1220,90,Top,602-00025-03,CS0805,No,Yes,CAP SMD0805 CER .1uF 50V 10% X7R
C92,8480,1920,0,Top,602-30047-00,CSE8X10,No,Yes,CAP SMD8X10 AE 100uF 50V 20% 105C LOW Z
C93,2400,2140,180,Top,602-00025-03,CS0805,No,Yes,CAP SMD0805 CER .1uF 50V 10% X7R
C94,2720,580,0,Top,602-10030-03,CS0805,No,Yes,CAP SMD0805 CER 68pF 100V 5% NPO
C95,1060,2460,180,Top,602-35027-00,CSE8X10,No,Yes,CAP SMD8X10 LYTIC 220uF 35V 20% 105C
C96,9100,1220,90,Top,602-00020-03,CS0805,No,Yes,CAP SMD0805 CER .01uF 50V 10% X7R
C97,660,2460,180,Top,602-35027-00,CSE8X10,No,Yes,CAP SMD8X10 LYTIC 220uF 35V 20% 105C
C98,140,3360,270,Top,002-00502-65,C-BOX1080(590X964X1280),No,No,CAP RAD M/P 1.5uF 275V 20% 105C
C99,2860,1200,0,Top,602-00072-08,CSE4X5.3,No,Yes,CAP SMD4X5.3 ALU ELEC 10uF 16V 20% 105C
C100,5980,1720,270,Top,602-00020-03,CS0805,No,Yes,CAP SMD0805 CER .01uF 50V 10% X7R
C101,7850,1320,270,Top,602-00020-03,CS0805,No,Yes,CAP SMD0805 CER .01uF 50V 10% X7R
C102,5220,1740,270,Top,602-00020-03,CS0805,No,Yes,CAP SMD0805 CER .01uF 50V 10% X7R
C103,5700,2965,90,Top,602-00022-03,CS0805,No,Yes,CAP SMD0805 CER .001uF 100V 10% X7R
C104,1720,1260,270,Top,602-00022-03,CS0805,No,Yes,CAP SMD0805 CER .001uF 100V 10% X7R
C105,7150,3080,90,Top,602-00022-03,CS0805,No,Yes,CAP SMD0805 CER .001uF 100V 10% X7R
C106,4845,3025,90,Top,602-00022-03,CS0805,No,Yes,CAP SMD0805 CER .001uF 100V 10% X7R
C107,1400,2760,270,Top,602-00025-03,CS0805,No,Yes,CAP SMD0805 CER .1uF 50V 10% X7R
C108,820,3980,270,Top,002-00385-00,CHP197,No,No,CAP MPE RB .022uF 630VDC 10% 105C
C109,1720,3900,90,Top,602-00022-03,CS0805,No,Yes,CAP SMD0805 CER .001uF 100V 10% X7R
C110,12180,3340,90,Top,602-00025-03,CS0805,No,Yes,CAP SMD0805 CER .1uF 50V 10% X7R
D1,12800,620,90,Top,003-00194-00,DA600P,No,No,DIODE 1000V 1A DO41
D2,640,2800,0,Top,603-00017-00,DS2,No,Yes,DIODE SMD 1N4007 RECT 1KV 1A
D3,3660,5210,270,Top,603-00017-00,DS2,No,Yes,DIODE SMD 1N4007 RECT 1KV 1A
D4,3155,3380,90,Top,603-00016-00,DS2A,No,Yes,DIODE SMD 1N4148 RECT 75V 150mA
D5,2000,3380,90,Top,603-00016-00,DS2A,No,Yes,DIODE SMD 1N4148 RECT 75V 150mA
D6,7155,2860,90,Top,603-00018-00,DS2A,No,Yes,DIODE SMD ZNR 1/2W 5% 4.3V MMBZ5229B
D7,540,2960,90,Top,003-00019-00,DA500P,No,No,DIODE ZENER 1N4738A
D8,7620,1840,270,Top,603-00040-00,DSOD123,No,Yes,DIODE SOD123 SCHOTKY .5A .51V @ 20uA
D9,300,3570,90,Top,003-00019-00,DA500P,No,No,DIODE ZENER 1N4738A
D10,7180,1840,270,Top,603-00040-00,DSOD123,No,Yes,DIODE SOD123 SCHOTKY .5A .51V @ 20uA
D11,6480,3360,90,Top,603-00017-00,DS2,No,Yes,DIODE SMD 1N4007 RECT 1KV 1A
D12,9410,935,270,Top,603-00040-00,DSOD123,No,Yes,DIODE SOD123 SCHOTKY .5A .51V @ 20uA
D13,3340,2480,270,Top,603-00040-00,DSOD123,No,Yes,DIODE SOD123 SCHOTKY .5A .51V @ 20uA
D14,9540,940,270,Top,603-00040-00,DSOD123,No,Yes,DIODE SOD123 SCHOTKY .5A .51V @ 20uA
D15,2140,3380,90,Top,603-00016-00,DS2A,No,Yes,DIODE SMD 1N4148 RECT 75V 150mA
D16,2300,3380,90,Top,603-00016-00,DS2A,No,Yes,DIODE SMD 1N4148 RECT 75V 150mA
D17,3920,1560,90,Top,603-00017-00,DS2,No,Yes,DIODE SMD 1N4007 RECT 1KV 1A
D18,2430,1090,180,Top,603-00103-00,DS-SOT23(123),No,Yes,DIODE ZENER 12V SOT23
D19,1860,3380,90,Top,603-00016-00,DS2A,No,Yes,DIODE SMD 1N4148 RECT 75V 150mA
D20,2515,665,90,Top,603-00103-00,DS-SOT23(123),No,Yes,DIODE ZENER 12V SOT23
D21,5860,3400,90,Top,603-00017-00,DS2,No,Yes,DIODE SMD 1N4007 RECT 1KV 1A
D22,6480,1020,270,Top,603-00016-00,DS2A,No,Yes,DIODE SMD 1N4148 RECT 75V 150mA
D23,6340,1020,270,Top,603-00016-00,DS2A,No,Yes,DIODE SMD 1N4148 RECT 75V 150mA
D24,8660,940,270,Top,603-00040-00,DSOD123,No,Yes,DIODE SOD123 SCHOTKY .5A .51V @ 20uA
D25,3840,5210,90,Top,603-00017-00,DS2,No,Yes,DIODE SMD 1N4007 RECT 1KV 1A
D27,3500,5210,270,Top,603-00017-00,DS2,No,Yes,DIODE SMD 1N4007 RECT 1KV 1A
D28,8800,940,270,Top,603-00040-00,DSOD123,No,Yes,DIODE SOD123 SCHOTKY .5A .51V @ 20uA
D29,12890,3040,270,Top,603-00016-00,DS2A,No,Yes,DIODE SMD 1N4148 RECT 75V 150mA
D30,10800,1260,180,Top,603-00099-00,QS-D2PAK(KA1A2),No,Yes,DIODE SCHOT RECT 100V 8A D2PAK
D31,12890,3220,90,Top,003-00086-00,DA500P,No,No,DIODE ZENER 22V 1W 5% 1N4748A
D32,10580,2720,180,Top,603-00017-00,DS2,No,Yes,DIODE SMD 1N4007 RECT 1KV 1A
D33,12920,4080,90,Top,003-00022-00,DA500P,No,No,DIODE 1N4007 RECT
D34,13580,4080,90,Top,003-00022-00,DA500P,No,No,DIODE 1N4007 RECT
D35,13120,4580,270,Top,003-00022-00,DA500P,No,No,DIODE 1N4007 RECT
D36,13360,4580,270,Top,003-00022-00,DA500P,No,No,DIODE 1N4007 RECT
D38,3020,3380,90,Top,603-00016-00,DS2A,No,Yes,DIODE SMD 1N4148 RECT 75V 150mA
D39,2580,3380,90,Top,603-00016-00,DS2A,No,Yes,DIODE SMD 1N4148 RECT 75V 150mA
D40,2440,3380,90,Top,603-00016-00,DS2A,No,Yes,DIODE SMD 1N4148 RECT 75V 150mA
D41,1725,3380,90,Top,603-00016-00,DS2A,No,Yes,DIODE SMD 1N4148 RECT 75V 150mA
D43,12310,2160,270,Top,603-00008-00,DS2,No,Yes,DIODE SMD ZNR 1N5925B 1.5W 5% 10V
D44,1140,3195,90,Top,603-00016-00,DS2A,No,Yes,DIODE SMD 1N4148 RECT 75V 150mA
D45,2725,3380,90,Top,603-00016-00,DS2A,No,Yes,DIODE SMD 1N4148 RECT 75V 150mA
D46,2880,3380,90,Top,603-00016-00,DS2A,No,Yes,DIODE SMD 1N4148 RECT 75V 150mA
D51,1760,1940,90,Top,603-00040-00,DSOD123,No,Yes,DIODE SOD123 SCHOTKY .5A .51V @ 20uA
E1,11680.236,5109.45,270,Top,028-00067-00,P01FVA,No,No,TERM ZIERICK 6021-6
E2,11089.685,5109.45,270,Top,028-00067-00,P01FVA,No,No,TERM ZIERICK 6021-6
E3,10695.984,5109.45,270,Top,028-00067-00,P01FVA,No,No,TERM ZIERICK 6021-6
E4,9932.913,5109.449,270,Top,028-00067-00,P01FVA,No,No,TERM ZIERICK 6021-6
E5,9539.213,5109.449,270,Top,028-00067-00,P01FVA,No,No,TERM ZIERICK 6021-6
E6,9145.512,5109.449,270,Top,028-00067-00,P01FVA,No,No,TERM ZIERICK 6021-6
E7,8554.961,5109.449,270,Top,028-00067-00,P01FVA,No,No,TERM ZIERICK 6021-6
F1,11660,4220,0,Top,051-00014-00,F-WM392,No,No,"FUSE, 230V 2.5A"
F2,13140,5800,180,Top,ZFIDUCIAL-2MM-GLOBOL,ZFUD-2MM-GLOBAL,No,Yes,FIDUCIAL- 2MM GLOBAL
F3,1010,100,180,Top,ZFIDUCIAL-2MM-GLOBOL,ZFUD-2MM-GLOBAL,No,Yes,FIDUCIAL- 2MM GLOBAL
F4,5940,1860,180,Top,ZFIDUCIAL-LOCAL,ZFUD-LOCAL,No,Yes,FIDUCIAL- LOCAL
F5,5250,2540,180,Top,ZFIDUCIAL-LOCAL,ZFUD-LOCAL,No,Yes,FIDUCIAL- LOCAL
F6,7880,2000,270,Top,051-00022-00,FA300X100-500A,No,No,FUSE 2A 125V
F7,7760,2000,270,Top,051-00022-00,FA300X100-500A,No,No,FUSE 2A 125V
F8,7620,1000,90,Top,051-00022-00,FA300X100-500A,No,No,FUSE 2A 125V
F9,9390,1550,90,Top,051-00022-00,FA300X100-500A,No,No,FUSE 2A 125V
F10,7970,1750,270,Top,651-00008-00,FS-6125FA2A,No,Yes,FUSE FB 2A 125VAC
F11,7770,1750,270,Top,651-00008-00,FS-6125FA2A,No,Yes,FUSE FB 2A 125VAC
F12,7620,1245,90,Top,651-00008-00,FS-6125FA2A,No,Yes,FUSE FB 2A 125VAC
F13,9360,1795,90,Top,651-00008-00,FS-6125FA2A,No,Yes,FUSE FB 2A 125VAC
H1,13600,5500,180,Top,HOLE-SLOT156X250,HOLE-SLOT156X250,No,No,0.156 HOLE
H2,0,400,180,Top,HOLE-SLOT156X250,HOLE-SLOT156X250,No,No,0.156 HOLE
H3,13600,400,180,Top,HOLE156,HOLE156,No,No,0.156 HOLE
H4,0,5500,180,Top,HOLE156,HOLE156,No,No,0.156 HOLE
H5,5500,600,180,Top,HOLE156,HOLE156,No,No,0.156 HOLE
H6,7540,5000,180,Top,HOLE156,HOLE156,No,No,0.156 HOLE
H7,13600,0,180,Top,HOLE156,HOLE156,No,No,0.156 HOLE
H8,700,5900,0,Top,HOLE156,HOLE156,No,No,0.156 HOLE
H9,0,5900,180,Top,HOLE156,HOLE156,No,No,0.156 HOLE
H10,0,0,180,Top,HOLE156,HOLE156,No,No,0.156 HOLE
H11,550,0,0,Top,HOLE156,HOLE156,Yes,No,0.156 HOLE
H12,13000,0,0,Top,HOLE156,HOLE156,No,No,0.156 HOLE
HS1,10660,1260,90,Top,632-00001-00,ZHS-7109DG,No,Yes,HEATSINK D2PAK
HS2,12120,2980,90,Top,032-00077-00,ZHS-032-00077,No,No,HEATSINK TO220-6L (FAIRCHILD)
HS3,11985,3450,90,Top,032-00078-00,ZHS-CLIP-TO220,No,Yes,CLIP TO220 HEATSINK
K1,6340,3740,90,Top,047-00128-05,KA11,No,No,RELAY FORM A  12V 5A 200mW
K2,6820,3740,90,Top,047-00128-05,KA11,No,No,RELAY FORM A  12V 5A 200mW
K3,7280,3740,90,Top,047-00128-05,KA11,No,No,RELAY FORM A  12V 5A 200mW
K5,4500,3040,90,Top,047-00128-05,KA11,No,No,RELAY FORM A  12V 5A 200mW
K6,8690,3500,90,Top,047-00174-00,K047-00174-FRMA,No,No,RLY 12V 30A G8P-1A4P-VDC12 FORM A
K7,9890,3500,90,Top,047-00174-00,K047-00174-FRMA,No,No,RLY 12V 30A G8P-1A4P-VDC12 FORM A
K9,10740,3500,180,Top,047-00179-01,KA9,No,No,RLY 12V 16A  SPDT FORM C G2RL
K10,9790,3500,180,Top,047-00179-01,KA9,No,No,RLY 12V 16A  SPDT FORM C G2RL
K12,8590,3500,180,Top,047-00179-01,KA9,No,No,RLY 12V 16A  SPDT FORM C G2RL
K13,5280,3740,90,Top,047-00128-05,KA11,No,No,RELAY FORM A  12V 5A 200mW
K14,7760,3740,90,Top,047-00128-05,KA11,No,No,RELAY FORM A  12V 5A 200mW
K15,5810,3740,180,Top,047-00179-01,KA9,No,No,RLY 12V 16A  SPDT FORM C G2RL
L1,5260,2660,0,Top,663-00003-00,LS0805,No,Yes,INDUCTOR BEAD SMD0805 FERRITE 300 OHM 25%
L2,7300,820,90,Top,063-00032-00,LH5MM(11.2DX12.2),No,No,IND 330uH 0.82 10%
L3,6800,820,90,Top,063-00032-00,LH5MM(11.2DX12.2),No,No,IND 330uH 0.82 10%
L29,10740,2320,180,Top,659-00004-00,LS-SDR1307,No,Yes,IND 10uH 5.6A 20%
P1,9400,580,180,Top,055-00016-61,P02HV56B,No,No,"CONN 2P .156"" MOLEX 26-64-4020 w/peg"
P2,8500,450,180,Top,055-00024-45,P17HV100-V5,No,No,"CONN 17P .100"" SPACING VOIDED 5"
P3,6600,450,180,Top,055-00024-46,P07-M22-11-2072-V5,No,No,"HEADER  0.100"" 7P SQ VOID 5 AU"
P4,5100,450,180,Top,055-00024-34,P04HV100-V2,No,No,"CONN 4P .100"" SPACING AMP 640456-4 VOIDED 2"
P5,4320,500,180,Top,055-00507-01,P16HV-90130-V15,No,No,"CONN 16P(2X12) .100"" SPACING HEADER VOIDED 15"
P6,1880,900,270,Top,025-00459-00,P06-025-00459,No,No,RJ11 JACK  6X6 VERT SHIELDED
P7,1150,900,270,Top,025-00459-00,P06-025-00459,No,No,RJ11 JACK  6X6 VERT SHIELDED
P8,420,900,270,Top,025-00459-00,P06-025-00459,No,No,RJ11 JACK  6X6 VERT SHIELDED
P9,475,1520,180,Top,025-00458-00,P06-025-00458,No,No,RJ11 JACK  6X6 RA SHIELDED
P10,5660,1100,180,Top,055-00547-00,P06HV2.5M,No,No,CONN 6P RECEPTACLE 2.5MM SPACING
P11,3430,1060,90,Top,655-00021-00,P06-71308-6206,No,Yes,"HEADER 0.100"" 2X3 SQ"
P12,5340,3275,0,Top,655-00023-00,P10-71308-6210,No,Yes,"HEADER 0.100"" 2X5 SQ"
P13,930,2020,0,Top,655-00022-00,P08-71308-6208,No,Yes,"HEADER 0.100"" 2X4 SQ"
P16,5780,5080,0,Top,055-00016-78,P09HV56-V8,No,No,"CONN 9P .156"" MOLEX 26-60-4080 VOIDED 8"
P17,4220,4650,0,Top,055-00016-93,P04HV56-V2,No,No,"CONN 4P .156"" MOLEX 26-60-4040V2 VOIDED 2"
P18,720,5190,0,Top,055-00016-90,P06HV56D-V3,No,No,"CONN 6P .156"" SQ MOLEX 26-60-4060 VOIDED 3"
Q1,6640,1870,180,Top,604-00025-00,QSOT223,No,Yes,XTR SOT223 P-CHANNEL MOSFET NDT2955
Q2,6040,3460,270,Top,604-00002-00,QS3B,No,Yes,XTR SMD 2N2222A NPN 40V .6A
Q3,4820,2060,270,Top,604-00002-00,QS3B,No,Yes,XTR SMD 2N2222A NPN 40V .6A
Q4,4580,2300,90,Top,604-00001-00,QS3B,No,Yes,XTR SMD 2N2907A PNP 40V .6A
Q5,8800,1260,180,Top,604-00025-00,QSOT223,No,Yes,XTR SOT223 P-CHANNEL MOSFET NDT2955
Q6,8320,1260,180,Top,604-00025-00,QSOT223,No,Yes,XTR SOT223 P-CHANNEL MOSFET NDT2955
Q7,9600,1925,180,Top,604-00025-00,QSOT223,No,Yes,XTR SOT223 P-CHANNEL MOSFET NDT2955
Q8,9970,1260,180,Top,604-00025-00,QSOT223,No,Yes,XTR SOT223 P-CHANNEL MOSFET NDT2955
Q9,2840,3040,90,Top,604-00002-00,QS3B,No,Yes,XTR SMD 2N2222A NPN 40V .6A
Q10,1100,3660,90,Top,006-00036-00,QRTO92,No,No,"SGS, Z0103MA5/AL2"
Q13,7400,1870,180,Top,604-00025-00,QSOT223,No,Yes,XTR SOT223 P-CHANNEL MOSFET NDT2955
Q15,6960,1870,180,Top,604-00025-00,QSOT223,No,Yes,XTR SOT223 P-CHANNEL MOSFET NDT2955
Q17,2960,2360,90,Top,006-00036-00,QRTO92,No,No,"SGS, Z0103MA5/AL2"
Q18,9480,1260,180,Top,604-00025-00,QSOT223,No,Yes,XTR SOT223 P-CHANNEL MOSFET NDT2955
Q19,4880,2580,270,Top,604-00002-00,QS3B,No,Yes,XTR SMD 2N2222A NPN 40V .6A
Q23,6640,3460,270,Top,604-00002-00,QS3B,No,Yes,XTR SMD 2N2222A NPN 40V .6A
R1,6560,2160,90,Top,601-04081-00,RS0805,No,Yes,RES SMD0805 1/8W 2.2K 5%
R2,6680,2160,270,Top,601-04057-00,RS0805,No,Yes,RES SMD0805 1/8W 220 5%
R3,3130,790,180,Top,601-04097-00,RS0805,No,Yes,RES SMD0805 1/8W 10K 5%
R4,6210,3460,90,Top,601-04089-00,RS0805,No,Yes,RES SMD0805 1/8W 4.7K 5%
R5,6310,3460,90,Top,601-04089-00,RS0805,No,Yes,RES SMD0805 1/8W 4.7K 5%
R6,10020,1580,270,Top,601-04057-00,RS0805,No,Yes,RES SMD0805 1/8W 220 5%
R7,3660,4770,270,Top,601-00194-00,RS1206,No,Yes,RES SMD1206 1/8W 38.3K 1%
R8,6280,1400,90,Top,601-04097-00,RS0805,No,Yes,RES SMD0805 1/8W 10K 5%
R9,6080,1400,90,Top,601-04097-00,RS0805,No,Yes,RES SMD0805 1/8W 10K 5%
R10,10880,2715,0,Top,601-00225-01,RS1210,No,Yes,RES SMD1210 1/2W 4.3 OHM 5%
R11,3660,4540,270,Top,601-00194-00,RS1206,No,Yes,RES SMD1206 1/8W 38.3K 1%
R12,3660,4305,270,Top,601-00194-00,RS1206,No,Yes,RES SMD1206 1/8W 38.3K 1%
R13,6080,1200,90,Top,601-04097-00,RS0805,No,Yes,RES SMD0805 1/8W 10K 5%
R14,6080,1000,90,Top,601-04097-00,RS0805,No,Yes,RES SMD0805 1/8W 10K 5%
R15,4520,960,270,Top,601-04569-00,RS0805,No,Yes,RES SMD0805 1/8W 6.98K 1%
R16,4620,960,270,Top,601-04584-00,RS0805,No,Yes,RES SMD0805 1/8W 10K 1%
R17,4720,960,270,Top,601-04584-00,RS0805,No,Yes,RES SMD0805 1/8W 10K 1%
R18,4820,960,270,Top,601-04584-00,RS0805,No,Yes,RES SMD0805 1/8W 10K 1%
R19,3980,960,270,Top,601-04584-00,RS0805,No,Yes,RES SMD0805 1/8W 10K 1%
R20,3880,960,270,Top,601-04584-00,RS0805,No,Yes,RES SMD0805 1/8W 10K 1%
R21,3780,960,270,Top,601-04584-00,RS0805,No,Yes,RES SMD0805 1/8W 10K 1%
R22,3680,960,270,Top,601-04584-00,RS0805,No,Yes,RES SMD0805 1/8W 10K 1%
R23,1600,1980,270,Top,601-04081-00,RS0805,No,Yes,RES SMD0805 1/8W 2.2K 5%
R24,13080,3710,270,Top,001-00673-00,RA4601/4,No,No,RES CF A 1/4W 220K 5%
R25,11140,2375,270,Top,601-04073-00,RS0805,No,Yes,RES SMD0805 1/8W 1K 5%
R26,11225,2000,270,Top,601-04569-00,RS0805,No,Yes,RES SMD0805 1/8W 6.98K 1%
R27,12040,4580,0,Top,001-00673-00,RA5001/4,No,No,RES CF A 1/4W 220K 5%
R28,11380,1820,90,Top,601-04121-00,RS0805,No,Yes,RES SMD0805 1/8W 100K 5%
R29,9300,3140,270,Top,001-00567-00,RA5001/2,No,No,RES CF A 1/2W 1K 5%
R30,13200,3710,0,Top,001-00085-00,RA4601/4,No,No,RES CF A 1/4W 33K 5%
R31,4520,1180,90,Top,601-04049-00,RS0805,No,Yes,RES SMD0805 1/8W 100 5%
R32,4620,1180,90,Top,601-04049-00,RS0805,No,Yes,RES SMD0805 1/8W 100 5%
R33,4720,1180,90,Top,601-04049-00,RS0805,No,Yes,RES SMD0805 1/8W 100 5%
R34,4820,1180,90,Top,601-04049-00,RS0805,No,Yes,RES SMD0805 1/8W 100 5%
R35,3980,1180,90,Top,601-04049-00,RS0805,No,Yes,RES SMD0805 1/8W 100 5%
R36,3880,1180,90,Top,601-04049-00,RS0805,No,Yes,RES SMD0805 1/8W 100 5%
R37,3780,1180,90,Top,601-04049-00,RS0805,No,Yes,RES SMD0805 1/8W 100 5%
R38,3680,1180,90,Top,601-04049-00,RS0805,No,Yes,RES SMD0805 1/8W 100 5%
R39,4420,960,90,Top,641-00003-01,RS0805,No,Yes,THERMISTOR SMD0805 NTC 47K 5%
R40,4700,2140,90,Top,601-04089-00,RS0805,No,Yes,RES SMD0805 1/8W 4.7K 5%
R41,4840,2360,270,Top,601-04089-00,RS0805,No,Yes,RES SMD0805 1/8W 4.7K 5%
R42,4960,2800,270,Top,601-04113-00,RS0805,No,Yes,RES SMD0805 1/8W 47K 5%
R43,4700,1960,270,Top,601-04113-00,RS0805,No,Yes,RES SMD0805 1/8W 47K 5%
R44,4840,2800,270,Top,601-04037-00,RS0805,No,Yes,RES SMD0805 1/8W 33 5%
R45,8260,2720,270,Top,601-04089-00,RS0805,No,Yes,RES SMD0805 1/8W 4.7K 5%
R46,4640,3740,270,Top,001-00063-00,RA7001/4,No,No,RES CF A 1/4W 6.8K 5%
R47,7520,2375,270,Top,601-04089-00,RS0805,No,Yes,RES SMD0805 1/8W 4.7K 5%
R48,9140,2665,270,Top,601-04089-00,RS0805,No,Yes,RES SMD0805 1/8W 4.7K 5%
R49,8740,1900,90,Top,601-04093-00,RS0805,No,Yes,RES SMD0805 1/8W 6.8K 5%
R50,9880,1580,90,Top,601-04097-00,RS0805,No,Yes,RES SMD0805 1/8W 10K 5%
R51,9300,2460,270,Top,601-04081-00,RS0805,No,Yes,RES SMD0805 1/8W 2.2K 5%
R52,4240,1700,90,Top,601-04089-00,RS0805,No,Yes,RES SMD0805 1/8W 4.7K 5%
R53,2680,3040,90,Top,601-04089-00,RS0805,No,Yes,RES SMD0805 1/8W 4.7K 5%
R54,8360,2520,90,Top,601-04077-00,RS0805,No,Yes,RES SMD0805 1/8W 1.5K 5%
R55,8520,2280,90,Top,601-04081-00,RS0805,No,Yes,RES SMD0805 1/8W 2.2K 5%
R56,2630,3650,270,Top,601-04145-00,RS0805,No,Yes,RES SMD0805 1/8W 1M 5%
R57,2630,5100,270,Top,001-00014-00,RA4401/4,No,No,RES CF A 1/4W 56K 5%
R58,2630,4070,90,Top,001-00186-00,RA4401/4,No,No,RES CF A 1/4W 470K  5%
R59,9750,1520,270,Top,001-00816-00,RA6601/4,No,No,RES 0.47K 1/2W 5% MF FUSIBLE
R60,2500,3650,270,Top,601-04145-00,RS0805,No,Yes,RES SMD0805 1/8W 1M 5%
R61,2500,5100,270,Top,001-00037-00,RA4401/4,No,No,RES CF A 1/4W 100K 5%
R62,2500,4070,90,Top,001-00186-00,RA4401/4,No,No,RES CF A 1/4W 470K  5%
R63,2890,3650,270,Top,601-04145-00,RS0805,No,Yes,RES SMD0805 1/8W 1M 5%
R64,2890,5100,270,Top,001-00014-00,RA4401/4,No,No,RES CF A 1/4W 56K 5%
R65,2890,4070,90,Top,001-00186-00,RA4401/4,No,No,RES CF A 1/4W 470K  5%
R66,2370,3650,270,Top,601-04145-00,RS0805,No,Yes,RES SMD0805 1/8W 1M 5%
R67,2370,5100,270,Top,001-00037-00,RA4401/4,No,No,RES CF A 1/4W 100K 5%
R68,2370,4070,90,Top,001-00186-00,RA4401/4,No,No,RES CF A 1/4W 470K  5%
R69,12620,3880,0,Top,001-00085-00,RA4601/4,No,No,RES CF A 1/4W 33K 5%
R70,8340,1600,270,Top,601-04057-00,RS0805,No,Yes,RES SMD0805 1/8W 220 5%
R71,1850,3650,270,Top,601-04145-00,RS0805,No,Yes,RES SMD0805 1/8W 1M 5%
R72,2760,3650,270,Top,601-04145-00,RS0805,No,Yes,RES SMD0805 1/8W 1M 5%
R73,2760,5100,270,Top,001-00037-00,RA4401/4,No,No,RES CF A 1/4W 100K 5%
R74,2760,4070,90,Top,001-00186-00,RA4401/4,No,No,RES CF A 1/4W 470K  5%
R75,7490,2160,270,Top,601-04057-00,RS0805,No,Yes,RES SMD0805 1/8W 220 5%
R76,3020,3650,270,Top,601-04145-00,RS0805,No,Yes,RES SMD0805 1/8W 1M 5%
R77,3020,5100,270,Top,001-00037-00,RA4401/4,No,No,RES CF A 1/4W 100K 5%
R78,7060,2160,270,Top,601-04057-00,RS0805,No,Yes,RES SMD0805 1/8W 220 5%
R79,3020,4070,90,Top,001-00186-00,RA4401/4,No,No,RES CF A 1/4W 470K  5%
R80,2240,3650,270,Top,601-04145-00,RS0805,No,Yes,RES SMD0805 1/8W 1M 5%
R81,2240,5100,270,Top,001-00037-00,RA4401/4,No,No,RES CF A 1/4W 100K 5%
R82,2240,4070,90,Top,001-00186-00,RA4401/4,No,No,RES CF A 1/4W 470K  5%
R83,3280,3920,270,Top,001-00186-00,RA4401/4,No,No,RES CF A 1/4W 470K  5%
R84,9620,1580,270,Top,601-04057-00,RS0805,No,Yes,RES SMD0805 1/8W 220 5%
R85,10670,1900,180,Top,601-00066-02,RS2010,No,Yes,RES SMD2010 1/2W 1K 5%
R86,4060,3480,180,Top,001-00037-00,RA6601/4,No,No,RES CF A 1/4W 100K 5%
R87,12620,3690,270,Top,601-04097-00,RS0805,No,Yes,RES SMD0805 1/8W 10K 5%
R88,1980,3650,270,Top,601-04145-00,RS0805,No,Yes,RES SMD0805 1/8W 1M 5%
R89,1980,5100,270,Top,001-00037-00,RA4401/4,No,No,RES CF A 1/4W 100K 5%
R90,13260,800,90,Top,001-00805-00,RA800-160X630,No,No,RES 43K 2W 5% MO
R91,3280,3300,270,Top,601-04145-00,RS0805,No,Yes,RES SMD0805 1/8W 1M 5%
R92,1980,4070,90,Top,001-00186-00,RA4401/4,No,No,RES CF A 1/4W 470K  5%
R93,7320,2160,90,Top,601-04081-00,RS0805,No,Yes,RES SMD0805 1/8W 2.2K 5%
R94,3840,4290,270,Top,601-00089-00,RS1206,No,Yes,RES SMD1206 1/8W 18K 5%
R95,2110,3650,270,Top,601-04145-00,RS0805,No,Yes,RES SMD0805 1/8W 1M 5%
R96,2110,5100,270,Top,001-00037-00,RA4401/4,No,No,RES CF A 1/4W 100K 5%
R97,2110,4070,90,Top,001-00186-00,RA4401/4,No,No,RES CF A 1/4W 470K  5%
R98,800,4240,90,Top,001-00644-00,RA6601W,No,No,RES MO 1W 4.7K 5%
R99,2240,1420,180,Top,601-04097-00,RS0805,No,Yes,RES SMD0805 1/8W 10K 5%
R100,2620,1400,180,Top,601-04065-00,RS0805,No,Yes,RES SMD0805 1/8W 470 5%
R101,3260,1705,0,Top,601-04113-00,RS0805,No,Yes,RES SMD0805 1/8W 47K 5%
R102,12460,2320,270,Top,001-00630-00,RA5001/4,No,No,RES 22 OHM 1/4W 5% CF
R103,11920,5080,270,Top,001-00673-00,RA5001/4,No,No,RES CF A 1/4W 220K 5%
R104,12710,3490,270,Top,001-00630-00,RA4601/4,No,No,RES 22 OHM 1/4W 5% CF
R105,6920,2160,90,Top,601-04081-00,RS0805,No,Yes,RES SMD0805 1/8W 2.2K 5%
R106,11380,2000,270,Top,601-04075-00,RS0805,No,Yes,RES SMD0805 1/8W 1.2K 5%
R107,13580,920,90,Top,001-00805-00,RA800-160X630,No,No,RES 43K 2W 5% MO
R108,6480,800,270,Top,601-04105-00,RS0805,No,Yes,RES SMD0805 1/8W 22K 5%
R109,6340,800,270,Top,601-04105-00,RS0805,No,Yes,RES SMD0805 1/8W 22K 5%
R110,660,4900,270,Top,001-00037-00,RA4401/4,No,No,RES CF A 1/4W 100K 5%
R111,7065,1215,90,Top,601-04145-00,RS0805,No,Yes,RES SMD0805 1/8W 1M 5%
R112,1400,2960,90,Top,601-04081-00,RS0805,No,Yes,RES SMD0805 1/8W 2.2K 5%
R113,11140,2185,270,Top,601-04513-00,RS0805,No,Yes,RES SMD0805 1/8W 1.82K 1%
R114,11300,4220,0,Top,041-00013-00,C5MM(8.5X6),No,No,NTC 10 OHM 2A 265V
R115,11540,1820,270,Top,601-04000-00,RS0805,No,Yes,RES SMD0805 1/8W 0 OHM 5%
R116,1500,1980,270,Top,601-04081-00,RS0805,No,Yes,RES SMD0805 1/8W 2.2K 5%
R117,9040,2280,270,Top,601-04089-00,RS0805,No,Yes,RES SMD0805 1/8W 4.7K 5%
R118,8840,2280,90,Top,601-04093-00,RS0805,No,Yes,RES SMD0805 1/8W 6.8K 5%
R119,520,4900,270,Top,001-00071-00,RA5001/4,No,No,RES MF A 1/4W 30.1K 1%
R120,8380,2280,90,Top,601-04049-00,RS0805,No,Yes,RES SMD0805 1/8W 100 5%
R121,2240,2750,270,Top,601-04089-00,RS0805,No,Yes,RES SMD0805 1/8W 4.7K 5%
R122,6560,1330,90,Top,601-04145-00,RS0805,No,Yes,RES SMD0805 1/8W 1M 5%
R124,800,3430,270,Top,601-04145-00,RS0805,No,Yes,RES SMD0805 1/8W 1M 5%
R125,6770,3460,90,Top,601-04089-00,RS0805,No,Yes,RES SMD0805 1/8W 4.7K 5%
R126,7720,2375,270,Top,601-04097-00,RS0805,No,Yes,RES SMD0805 1/8W 10K 5%
R127,6870,3460,90,Top,601-04089-00,RS0805,No,Yes,RES SMD0805 1/8W 4.7K 5%
R128,2090,2050,270,Top,601-04065-00,RS0805,No,Yes,RES SMD0805 1/8W 470 5%
R129,2665,2045,270,Top,601-04097-00,RS0805,No,Yes,RES SMD0805 1/8W 10K 5%
R130,7180,2160,270,Top,601-04093-00,RS0805,No,Yes,RES SMD0805 1/8W 6.8K 5%
R131,600,3640,90,Top,001-00186-00,RA4401/4,No,No,RES CF A 1/4W 470K  5%
R132,3500,4600,270,Top,601-00194-00,RS1206,No,Yes,RES SMD1206 1/8W 38.3K 1%
R133,3020,3040,270,Top,601-04097-00,RS0805,No,Yes,RES SMD0805 1/8W 10K 5%
R134,1140,3430,90,Top,601-04071-00,RS0805,No,Yes,RES SMD0805 1/8W 820 5%
R135,3840,4050,270,Top,601-00089-00,RS1206,No,Yes,RES SMD1206 1/8W 18K 5%
R136,4940,2160,270,Top,601-04089-00,RS0805,No,Yes,RES SMD0805 1/8W 4.7K 5%
R137,9520,1580,270,Top,601-04081-00,RS0805,No,Yes,RES SMD0805 1/8W 2.2K 5%
R138,7620,2550,90,Top,601-04089-00,RS0805,No,Yes,RES SMD0805 1/8W 4.7K 5%
R139,3500,4350,270,Top,601-00194-00,RS1206,No,Yes,RES SMD1206 1/8W 38.3K 1%
R140,350,4240,90,Top,001-00136-00,RA5001/4,No,No,RES CF A 1/4W 270K 5%
R141,7620,2160,270,Top,601-04093-00,RS0805,No,Yes,RES SMD0805 1/8W 6.8K 5%
R142,3500,4100,270,Top,601-00194-00,RS1206,No,Yes,RES SMD1206 1/8W 38.3K 1%
R143,3500,3860,270,Top,601-00046-00,RS1206,No,Yes,RES SMD1206 1/8W 2.05K 1%
R144,3660,4090,270,Top,601-00046-00,RS1206,No,Yes,RES SMD1206 1/8W 2.05K 1%
R145,7420,2550,90,Top,601-04089-00,RS0805,No,Yes,RES SMD0805 1/8W 4.7K 5%
R146,3660,3860,270,Top,601-00046-00,RS1206,No,Yes,RES SMD1206 1/8W 2.05K 1%
R147,4340,2660,270,Top,601-04089-00,RS0805,No,Yes,RES SMD0805 1/8W 4.7K 5%
R148,6780,2160,270,Top,601-04093-00,RS0805,No,Yes,RES SMD0805 1/8W 6.8K 5%
R149,8860,1600,270,Top,601-04057-00,RS0805,No,Yes,RES SMD0805 1/8W 220 5%
R150,8740,1600,90,Top,601-04081-00,RS0805,No,Yes,RES SMD0805 1/8W 2.2K 5%
R151,7720,2825,270,Top,601-04089-00,RS0805,No,Yes,RES SMD0805 1/8W 4.7K 5%
R152,8360,2940,270,Top,601-04089-00,RS0805,No,Yes,RES SMD0805 1/8W 4.7K 5%
R153,8320,940,270,Top,601-04017-00,RS0805,No,Yes,RES SMD0805 1/8W 4.7 5%
R154,8840,1900,90,Top,601-04081-00,RS0805,No,Yes,RES SMD0805 1/8W 2.2K 5%
R155,9140,2480,270,Top,601-04089-00,RS0805,No,Yes,RES SMD0805 1/8W 4.7K 5%
R156,1290,4240,90,Top,001-00750-00,RA6601W,No,No,RES MO 1W 100K 5%
R157,3680,1380,270,Top,601-04049-00,RS0805,No,Yes,RES SMD0805 1/8W 100 5%
R158,980,4240,90,Top,001-00750-00,RA6601W,No,No,RES MO 1W 100K 5%
R159,8220,1600,90,Top,601-04081-00,RS0805,No,Yes,RES SMD0805 1/8W 2.2K 5%
R160,8040,1520,270,Top,001-00816-00,RA6601/4,No,No,RES 0.47K 1/2W 5% MF FUSIBLE
R161,8640,2280,90,Top,601-04081-00,RS0805,No,Yes,RES SMD0805 1/8W 2.2K 5%
R162,9000,1600,270,Top,601-04017-00,RS0805,No,Yes,RES SMD0805 1/8W 4.7 5%
R163,9000,1900,90,Top,601-04081-00,RS0805,No,Yes,RES SMD0805 1/8W 2.2K 5%
R164,9815,2380,90,Top,601-04093-00,RS0805,No,Yes,RES SMD0805 1/8W 6.8K 5%
R165,3780,1620,90,Top,601-04097-00,RS0805,No,Yes,RES SMD0805 1/8W 10K 5%
R166,5440,2960,270,Top,601-04097-00,RS0805,No,Yes,RES SMD0805 1/8W 10K 5%
R167,5200,2960,90,Top,601-04097-00,RS0805,No,Yes,RES SMD0805 1/8W 10K 5%
R168,9200,1900,90,Top,601-04093-00,RS0805,No,Yes,RES SMD0805 1/8W 6.8K 5%
R169,9040,2845,270,Top,601-04073-00,RS0805,No,Yes,RES SMD0805 1/8W 1K 5%
R170,8940,3025,270,Top,601-04089-00,RS0805,No,Yes,RES SMD0805 1/8W 4.7K 5%
R171,1850,5100,270,Top,001-00037-00,RA4401/4,No,No,RES CF A 1/4W 100K 5%
R172,1850,4070,90,Top,001-00186-00,RA4401/4,No,No,RES CF A 1/4W 470K  5%
R173,900,3430,270,Top,601-04145-00,RS0805,No,Yes,RES SMD0805 1/8W 1M 5%
R174,5100,780,90,Top,601-04049-00,RS0805,No,Yes,RES SMD0805 1/8W 100 5%
R175,2770,2280,90,Top,601-04071-00,RS0805,No,Yes,RES SMD0805 1/8W 820 5%
R176,3120,2480,270,Top,601-04105-00,RS0805,No,Yes,RES SMD0805 1/8W 22K 5%
R177,5310,2960,90,Top,601-04097-00,RS0805,No,Yes,RES SMD0805 1/8W 10K 5%
R178,3150,5100,270,Top,001-00037-00,RA4401/4,No,No,RES CF A 1/4W 100K 5%
R179,1400,1980,270,Top,601-04049-00,RS0805,No,Yes,RES SMD0805 1/8W 100 5%
R180,1300,1980,270,Top,601-04049-00,RS0805,No,Yes,RES SMD0805 1/8W 100 5%
R181,3150,3650,270,Top,601-04145-00,RS0805,No,Yes,RES SMD0805 1/8W 1M 5%
R182,3150,4510,270,Top,001-00186-00,RA4401/4,No,No,RES CF A 1/4W 470K  5%
R183,1880,1960,90,Top,601-04097-00,RS0805,No,Yes,RES SMD0805 1/8W 10K 5%
R184,9660,2260,270,Top,601-04097-00,RS0805,No,Yes,RES SMD0805 1/8W 10K 5%
R185,5540,2960,270,Top,601-04097-00,RS0805,No,Yes,RES SMD0805 1/8W 10K 5%
R186,1000,3430,90,Top,601-04105-00,RS0805,No,Yes,RES SMD0805 1/8W 22K 5%
R187,7520,2825,270,Top,601-04089-00,RS0805,No,Yes,RES SMD0805 1/8W 4.7K 5%
R188,7320,2825,270,Top,601-04093-00,RS0805,No,Yes,RES SMD0805 1/8W 6.8K 5%
R189,9100,1900,90,Top,601-04093-00,RS0805,No,Yes,RES SMD0805 1/8W 6.8K 5%
R190,9240,1520,270,Top,001-00015-00,RA6601/4,No,No,RES CF A 1/4W 10K 5%
R191,9235,2200,270,Top,601-04093-00,RS0805,No,Yes,RES SMD0805 1/8W 6.8K 5%
R192,3130,1030,180,Top,601-04049-00,RS0805,No,Yes,RES SMD0805 1/8W 100 5%
R193,3680,1620,270,Top,601-04049-00,RS0805,No,Yes,RES SMD0805 1/8W 100 5%
R194,3130,1150,180,Top,601-04049-00,RS0805,No,Yes,RES SMD0805 1/8W 100 5%
R195,2640,1230,0,Top,601-04073-00,RS0805,No,Yes,RES SMD0805 1/8W 1K 5%
R196,9395,2260,270,Top,601-04089-00,RS0805,No,Yes,RES SMD0805 1/8W 4.7K 5%
R197,2500,930,0,Top,601-04025-00,RS0805,No,Yes,RES SMD0805 1/8W 10 5%
R198,1720,5100,270,Top,001-00037-00,RA4401/4,No,No,RES CF A 1/4W 100K 5%
R199,1720,4070,90,Top,001-00186-00,RA4401/4,No,No,RES CF A 1/4W 470K  5%
R200,1720,3650,270,Top,601-04145-00,RS0805,No,Yes,RES SMD0805 1/8W 1M 5%
R201,4940,1960,90,Top,601-04081-00,RS0805,No,Yes,RES SMD0805 1/8W 2.2K 5%
R202,2640,1120,180,Top,601-04045-00,RS0805,No,Yes,RES SMD0805 1/8W 68 5%
R203,2500,830,0,Top,601-04025-00,RS0805,No,Yes,RES SMD0805 1/8W 10 5%
R204,1420,2260,90,Top,601-04097-00,RS0805,No,Yes,RES SMD0805 1/8W 10K 5%
R205,2930,650,180,Top,601-04045-00,RS0805,No,Yes,RES SMD0805 1/8W 68 5%
R207,3130,890,180,Top,601-04097-00,RS0805,No,Yes,RES SMD0805 1/8W 10K 5%
R208,2720,475,0,Top,601-04073-00,RS0805,No,Yes,RES SMD0805 1/8W 1K 5%
R220,1460,3430,270,Top,601-04145-00,RS0805,No,Yes,RES SMD0805 1/8W 1M 5%
R221,1240,3430,270,Top,601-04145-00,RS0805,No,Yes,RES SMD0805 1/8W 1M 5%
R222,1600,3430,270,Top,601-04145-00,RS0805,No,Yes,RES SMD0805 1/8W 1M 5%
R226,3840,4530,270,Top,601-00089-00,RS1206,No,Yes,RES SMD1206 1/8W 18K 5%
R228,3840,4770,270,Top,601-00089-00,RS1206,No,Yes,RES SMD1206 1/8W 18K 5%
R238,1460,4900,270,Top,001-00014-00,RA4401/4,No,No,RES CF A 1/4W 56K 5%
R239,1140,4900,270,Top,001-00014-00,RA4401/4,No,No,RES CF A 1/4W 56K 5%
R240,1600,4900,270,Top,001-00014-00,RA4401/4,No,No,RES CF A 1/4W 56K 5%
R243,440,3640,90,Top,001-00047-00,RA4401/4,No,No,RES CF A 1/4W 1M 5%
R255,1460,4340,270,Top,001-00186-00,RA4401/4,No,No,RES CF A 1/4W 470K  5%
R256,1240,3630,90,Top,001-00186-00,RA4401/4,No,No,RES CF A 1/4W 470K  5%
R257,1600,4340,270,Top,001-00186-00,RA4401/4,No,No,RES CF A 1/4W 470K  5%
R260,140,3570,90,Top,001-00747-00,RA5001/2,No,No,RES CF 1/2W 1M 5%
R261,-30,5000,270,Top,001-00752-00,RA570X170-800,No,No,RES WW 2W 33 OHM 5%
R276,180,4560,90,Top,001-00047-00,RA4401/4,No,No,RES CF A 1/4W 1M 5%
R279,8160,2940,270,Top,601-04073-00,RS0805,No,Yes,RES SMD0805 1/8W 1K 5%
R280,4560,1560,90,Top,601-04073-00,RS0805,No,Yes,RES SMD0805 1/8W 1K 5%
R282,5105,2615,270,Top,601-04073-00,RS0805,No,Yes,RES SMD0805 1/8W 1K 5%
STAR1,10040,4100,180,Top,STAR-8HOLE,STAR-8HOLE,No,No,STAR-8HOLE
STAR2,8840,4100,180,Top,STAR-8HOLE,STAR-8HOLEGA,No,No,STAR-8HOLE
STAR3,9340,4000,270,Top,STAR-8HOLE,STAR-8HOLE,No,No,STAR-8HOLE
STAR4,8140,4000,270,Top,STAR-8HOLE,STAR-8HOLE,No,No,STAR-8HOLE
STAR5,9540,4910,270,Top,STAR-8HOLE,STAR-8HOLE,No,No,STAR-8HOLE
STAR6,9540,5110,270,Top,STAR-8HOLE,STAR-8HOLED,No,No,STAR-8HOLE
STAR7,9145,5105,270,Top,STAR-8HOLE,STAR-8HOLE,No,No,STAR-8HOLE
STAR8,9145,4910,270,Top,STAR-8HOLE,STAR-8HOLEE,No,No,STAR-8HOLE
STAR9,8555,4910,270,Top,STAR-8HOLE,STAR-8HOLE,No,No,STAR-8HOLE
STAR10,8555,5110,270,Top,STAR-8HOLE,STAR-8HOLEH,No,No,STAR-8HOLE
STAR11,10700,5110,270,Top,STAR-8HOLE,STAR-8HOLE,No,No,STAR-8HOLE
STAR12,11090,5110,270,Top,STAR-8HOLE,STAR-8HOLE,No,No,STAR-8HOLE
STAR13,10695,4910,270,Top,STAR-8HOLE,STAR-8HOLEC,No,No,STAR-8HOLE
STAR14,11090,4910,270,Top,STAR-8HOLE,STAR-8HOLEB,No,No,STAR-8HOLE
STAR15,9935,5110,270,Top,STAR-8HOLE,STAR-8HOLEF,No,No,STAR-8HOLE
STAR16,11680,5110,270,Top,STAR-8HOLE,STAR-8HOLE,No,No,STAR-8HOLE
STAR17,11680,4910,270,Top,STAR-8HOLE,STAR-8HOLEG,No,No,STAR-8HOLE
STAR18,10440,4500,270,Top,STAR-8HOLE,STAR-8HOLEAA,No,No,STAR-8HOLE
STAR19,9935,4910,225,Top,STAR-5HOLE,STAR-5HOLE,No,No,STAR-5HOLE
STAR20,9790,4310,180,Top,STAR-3HOLE,STAR-3HOLE,No,No,STAR-3HOLE
STAR21,9490,4305,90,Top,STAR-5HOLE,STAR-5HOLE,No,No,STAR-5HOLE
STAR22,9790,4105,0,Top,STAR-5HOLE,STAR-5HOLE,No,No,STAR-5HOLE
STAR23,9490,4100,180,Top,STAR-5HOLE,STAR-5HOLE-SMALL,No,No,STAR-5HOLE
STAR26,8590,4100,0,Top,STAR-5HOLE,STAR-5HOLEA,No,No,STAR-5HOLE
STAR27,8590,4300,180,Top,STAR-3HOLE,STAR-3HOLE,No,No,STAR-3HOLE
STAR28,8290,4100,180,Top,STAR-5HOLE,STAR-5HOLE-SMALLA,No,No,STAR-5HOLE
STAR29,8290,4300,90,Top,STAR-5HOLE,STAR-5HOLE,No,No,STAR-5HOLE
STAR30,7760,4140,90,Top,STAR-5HOLE,STAR-5HOLE,No,No,STAR-5HOLE
STAR31,7280,4140,90,Top,STAR-5HOLE,STAR-5HOLE,No,No,STAR-5HOLE
STAR32,6820,4140,90,Top,STAR-5HOLE,STAR-5HOLE,No,No,STAR-5HOLE
STAR33,6340,4140,90,Top,STAR-5HOLE,STAR-5HOLE,No,No,STAR-5HOLE
STAR34,5280,4145,90,Top,STAR-5HOLE,STAR-5HOLE,No,No,STAR-5HOLE
STAR35,7755,4440,227.726,Top,STAR-5HOLE,STAR-5HOLE,No,No,STAR-5HOLE
STAR36,8590,4500,270,Top,STAR-5HOLE,STAR-5HOLE,No,No,STAR-5HOLE
STAR37,8290,4500,341.565,Top,STAR-3HOLE,STAR-3HOLE,No,No,STAR-3HOLE
STAR38,9790,4500,270,Top,STAR-5HOLE,STAR-5HOLE,No,No,STAR-5HOLE
STAR39,9490,4500,0,Top,STAR-3HOLE,STAR-3HOLE,No,No,STAR-3HOLE
STAR40,10740,4300,90,Top,STAR-3HOLE,STAR-3HOLE,No,No,STAR-3HOLE
STAR41,10740,4500,180,Top,STAR-3HOLE,STAR-3HOLEB,No,No,STAR-3HOLE
STAR42,10440,4300,0,Top,STAR-3HOLE,STAR-3HOLE,No,No,STAR-3HOLE
STAR43,12520,5300,90,Top,STAR-3HOLE,STAR-3HOLE,No,No,STAR-3HOLE
STAR44,12200,5330,270,Top,STAR-8HOLE,STAR-8HOLE,No,No,STAR-8HOLE
T1,12520,5300,270,Top,063-00028-65,LH-B82731T,No,No,INDUCTOR 10mH 1.0A -30/+50%
T2,12500,400,90,Top,010-00179-00,TF-CSM29-020-V1,No,No,XFMR SWITCHING PWR SUPPLY
T3,12520,4780,90,Top,063-00031-65,LH-B82732F,No,No,IND 27mH 0.9A 30%
TP1,1080,1480,0,Top,FPOINT,FPOINT,No,Yes,FINAL TESTPOINT
TP2,1080,1280,0,Top,FPOINT,FPOINT,No,Yes,FINAL TESTPOINT
TP3,880,1280,180,Top,FPOINT,FPOINT,No,Yes,FINAL TESTPOINT
TP4,1280,1280,180,Top,FPOINT,FPOINT,No,Yes,FINAL TESTPOINT
TP7,560,1935,180,Top,FPOINT,FPOINT,No,Yes,FINAL TESTPOINT
TP13,1280,1480,180,Top,FPOINT,FPOINT,No,Yes,FINAL TESTPOINT
U1,11860,2200,270,Top,653-00574-00,US40004-OPTO-8MM,No,Yes,IC OPTO HIGH RELIABILITY 5300V RMS
U2,4260,1380,90,Top,653-00552-00,US30016,No,Yes,IC SINGLE 8-CHNL ANALOG MULTI/DEMULTIPLEXER CD4051BC
U3,3170,2050,180,Top,653-00574-00,US40004-OPTO-8MM,No,Yes,IC OPTO HIGH RELIABILITY 5300V RMS
U4,6820,3020,270,Top,653-00117-00,US30016,No,Yes,IC SMD NPN DRIVERS MC1413D
U5,5600,2220,270,Top,653-00532-04,US61064TQFP,No,Yes,IC MIRCO ATMEL ATMEGA128
U6,6820,2580,270,Top,653-00117-00,US30016,No,Yes,IC SMD NPN DRIVERS MC1413D
U7,6220,3020,270,Top,653-00117-00,US30016,No,Yes,IC SMD NPN DRIVERS MC1413D
U8,11905,3295,90,Top,053-00555-00,TO-220F-6L-UP,No,No,IC POWER SWITCH FSDM0565
U9,2620,1720,0,Top,653-00611-00,US8-GULLWING300,No,Yes,OPTOCOUPLER HIGH SPEED
U10,2140,1720,180,Top,653-00611-00,US8-GULLWING300,No,Yes,OPTOCOUPLER HIGH SPEED
U11,960,2900,270,Top,653-00530-00,QSOT89,No,Yes,IC SMD SOT89 MC79L05ACH 3-TER NEG REGULATOR
U12,7975,2620,90,Top,653-00552-00,US30016,No,Yes,IC SINGLE 8-CHNL ANALOG MULTI/DEMULTIPLEXER CD4051BC
U13,8750,2700,90,Top,653-00552-00,US30016,No,Yes,IC SINGLE 8-CHNL ANALOG MULTI/DEMULTIPLEXER CD4051BC
U14,10180,2500,270,Top,653-00110-00,QS-D2PAK,No,Yes,IC 5.0 V SMD POS. REGULATOR LM340S-5.0
U15,1720,2400,90,Top,653-00526-00,US30028(SSOP),No,Yes,IC MICROCHIP PIC16F73
U16,2400,2400,90,Top,653-00553-00,US30016,No,Yes,IC SMD 8-CHNL 3-STATE MUX 74HC251
U17,2780,870,90,Top,653-00560-00,US30008,No,Yes,IC RS-485/RS-422 MULTIPOINT TRANSCEIVERS
U18,11360,2220,90,Top,653-00586-00,US3008(SO8),No,Yes,IC PROGRAMMABLE VOLTAGE REF 2.5-36V
U19,1620,2880,90,Top,653-00553-00,US30016,No,Yes,IC SMD 8-CHNL 3-STATE MUX 74HC251
X1,5540,1540,180,Top,654-00010-00,XS-4.8X13X4.5,No,Yes,XTAL SMD OSCILLATOR 7.3728MHz
X2,2050,2500,90,Top,654-00007-00,XS3R,No,Yes,RESONATOR SMD 6MHz
Y1,11200,4660,0,Top,007-00007-00,YH300M3B,No,No,VAR MO 300V 80J 4500A
Y2,8140,1830,180,Top,041-00017-00,YH5(3.5X12.3X7.3),No,No,PTC 2.7 OHM 4.5A 30V
Y3,9570,3065,90,Top,041-00017-00,YH5(3.5X12.3X7.3),No,No,PTC 2.7 OHM 4.5A 30V
,,,,,,,,,
 EOF ,,,,,,,,,
