 Invensys Top Part Report for 009-00861.pcb on 8/13/2013 10:29:02 AM,,,,,,,,,
,,,,,,,,,
Requested Condition:,,,,,,,,,
Layer Name contains 'Top',,,,,,,,,
,,,,,,,,,
Name,Position X,Position Y,Rotation,Layer Name,Part Type,PCB Decal,Glued,SMD,Description
B1,5780,3300,90,Top,044-00086-00,BHA,No,No,HOLDER COIN CELL 12MM 3V
C1,1985,2040,270,Top,602-20025-02,CS0603,No,Yes,CAP SMD0603 CER .01UF 25V 10% XR7
C2,6080,1620,270,Top,002-00343-00,CAC440,No,No,CAP ACER AT .01/50V 10%  X7R
C3,1910,2040,270,Top,602-20025-02,CS0603,No,Yes,CAP SMD0603 CER .01UF 25V 10% XR7
C4,1270,2175,270,Top,602-20037-02,CS0603,No,Yes,CAP SMD0603 CER .1UF 25V 10% XR7
C5,1345,2175,270,Top,602-20037-02,CS0603,No,Yes,CAP SMD0603 CER .1UF 25V 10% XR7
C6,1990,1585,90,Top,602-20025-02,CS0603,No,Yes,CAP SMD0603 CER .01UF 25V 10% XR7
C7,1195,2085,90,Top,602-20025-02,CS0603,No,Yes,CAP SMD0603 CER .01UF 25V 10% XR7
C8,3625,3955,270,Top,602-30002-00,CSE6.3X5.8,No,Yes,CAP SMD6.3X5.8 ALU ELEC 47UF 16V 20% 105C LOW Z
C9,3055,1995,0,Top,602-20025-02,CS0603,No,Yes,CAP SMD0603 CER .01UF 25V 10% XR7
C10,3395,2375,90,Top,602-20037-02,CS0603,No,Yes,CAP SMD0603 CER .1UF 25V 10% XR7
C11,3495,2745,270,Top,602-20037-02,CS0603,No,Yes,CAP SMD0603 CER .1UF 25V 10% XR7
C12,5105,3275,90,Top,002-00470-66,CHE300B,No,No,CAP 2200UF 35V 20% 85C COMPACT LP
C13,1540,2445,270,Top,602-00241-13,CS0603,No,Yes,CAP CER 0.47 10% 10V X7R 0603
C14,4860,680,90,Top,602-00006-00,CS1206,No,Yes,CAP SMD1206 CER .001UF 50V 5% X7R
C15,10405,4005,90,Top,002-00506-00,CHF12.5X5(5MM),No,No,CAP MPF 5MM .1UF 400V 10% 85C
C16,9725,3560,270,Top,002-00416-00,CRE200A,No,No,CAP EL RT 100UF 16V 20%  105C HC
C17,5240,1080,270,Top,602-00001-00,CS1206,No,Yes,CAP SMD1206 CER .01UF 50V 20% X7R
C18,2065,1585,90,Top,602-00241-13,CS0603,No,Yes,CAP CER 0.47 10% 10V X7R 0603
C19,6300,1800,270,Top,602-00001-00,CS1206,No,Yes,CAP SMD1206 CER .01UF 50V 20% X7R
C20,1190,2390,90,Top,602-00006-00,CS1206,No,Yes,CAP SMD1206 CER .001UF 50V 5% X7R
C21,11695,3623,90,Top,002-00506-00,CHF12.5X5(5MM),No,No,CAP MPF 5MM .1UF 400V 10% 85C
C22,11160,3135,270,Top,002-00416-00,CRE200A,No,No,CAP EL RT 100UF 16V 20%  105C HC
C23,2370,2085,90,Top,602-00006-00,CS1206,No,Yes,CAP SMD1206 CER .001UF 50V 5% X7R
C24,8270,2420,90,Top,002-00389-00,CAC440,No,No,CAP ACER AT .1UF 50V 20% X7R
C25,6560,2840,90,Top,002-00470-66,CHE300B,No,No,CAP 2200UF 35V 20% 85C COMPACT LP
C26,7520,2600,90,Top,002-00419-00,CRE200B,No,No,CAP EL RT 47UF 16V 20% 105C LP
C27,5040,1280,90,Top,002-00343-00,CAC440,No,No,CAP ACER AT .01/50V 10%  X7R
C28,5360,2060,90,Top,002-00417-00,CRE200A,No,No,CAP RAD A/E 1UF 50V 20% 105C HC
C29,6040,2500,90,Top,002-00417-00,CRE200A,No,No,CAP RAD A/E 1UF 50V 20% 105C HC
C30,9640,955,90,Top,002-00506-00,CHF12.5X5(5MM),No,No,CAP MPF 5MM .1UF 400V 10% 85C
C31,11695,2510,270,Top,002-00506-00,CHF12.5X5(5MM),No,No,CAP MPF 5MM .1UF 400V 10% 85C
C32,8230,1670,270,Top,002-00506-00,CHF12.5X5(5MM),No,No,CAP MPF 5MM .1UF 400V 10% 85C
C33,6975,1547,270,Top,002-00506-00,CHF12.5X5(5MM),No,No,CAP MPF 5MM .1UF 400V 10% 85C
C34,3940,2160,90,Top,602-20037-02,CS0603,No,Yes,CAP SMD0603 CER .1UF 25V 10% XR7
C35,5480,1080,270,Top,602-00001-00,CS1206,No,Yes,CAP SMD1206 CER .01UF 50V 20% X7R
C36,7420,3800,90,Top,602-00006-00,CS1206,No,Yes,CAP SMD1206 CER .001UF 50V 5% X7R
C37,7180,3800,90,Top,602-00006-00,CS1206,No,Yes,CAP SMD1206 CER .001UF 50V 5% X7R
C38,7300,3800,90,Top,602-00006-00,CS1206,No,Yes,CAP SMD1206 CER .001UF 50V 5% X7R
C39,2490,1840,90,Top,602-00255-20,CS0402R,No,Yes,CAP 15PF 50V 5% C0G 0402
C40,2490,1690,270,Top,602-00255-20,CS0402R,No,Yes,CAP 15PF 50V 5% C0G 0402
C41,1120,2085,90,Top,602-00241-13,CS0603,No,Yes,CAP CER 0.47 10% 10V X7R 0603
C42,1415,2360,90,Top,602-20037-02,CS0603,No,Yes,CAP SMD0603 CER .1UF 25V 10% XR7
C43,2880,1135,90,Top,602-20025-02,CS0603,No,Yes,CAP SMD0603 CER .01UF 25V 10% XR7
C44,3000,1135,90,Top,602-20025-02,CS0603,No,Yes,CAP SMD0603 CER .01UF 25V 10% XR7
C45,2645,2245,270,Top,602-20025-02,CS0603,No,Yes,CAP SMD0603 CER .01UF 25V 10% XR7
C46,3275,1975,90,Top,602-20025-02,CS0603,No,Yes,CAP SMD0603 CER .01UF 25V 10% XR7
C47,1835,1400,270,Top,602-20025-02,CS0603,No,Yes,CAP SMD0603 CER .01UF 25V 10% XR7
D1,9935,3335,90,Top,003-00022-00,DA500P,No,No,DIODE 1N4007 RECT
D2,10305,3145,270,Top,003-00022-00,DA440P,No,No,DIODE 1N4007 RECT
D3,10995,2085,90,Top,003-00022-00,DA440P,No,No,DIODE 1N4007 RECT
D4,11470,3535,270,Top,003-00022-00,DA440P,No,No,DIODE 1N4007 RECT
D5,8150,2890,270,Top,003-00022-00,DA500P,No,No,DIODE 1N4007 RECT
D6,8390,2890,270,Top,003-00022-00,DA500P,No,No,DIODE 1N4007 RECT
D7,8650,2890,270,Top,003-00022-00,DA500P,No,No,DIODE 1N4007 RECT
D8,8520,2890,270,Top,003-00022-00,DA500P,No,No,DIODE 1N4007 RECT
D9,6440,2500,270,Top,003-00001-00,DA500S,No,No,DIODE 1N4148 75V .1A
D10,6560,2500,270,Top,003-00001-00,DA500S,No,No,DIODE 1N4148 75V .1A
D11,6200,2000,90,Top,003-00001-00,DA500S,No,No,DIODE 1N4148 75V .1A
D12,9865,-25,90,Top,003-00022-00,DA440P,No,No,DIODE 1N4007 RECT
D13,10290,2255,270,Top,003-00022-00,DA540P,No,No,DIODE 1N4007 RECT
D14,4160,640,90,Top,603-00016-00,DS2A,No,Yes,DIODE SMD 1N4148 RECT 75V 150MA
D15,4040,640,90,Top,603-00016-00,DS2A,No,Yes,DIODE SMD 1N4148 RECT 75V 150MA
D16,3920,640,90,Top,603-00016-00,DS2A,No,Yes,DIODE SMD 1N4148 RECT 75V 150MA
D17,3800,640,90,Top,603-00016-00,DS2A,No,Yes,DIODE SMD 1N4148 RECT 75V 150MA
D18,9760,1835,90,Top,003-00050-00,DA500S,No,No,DIODE 1N5232 ZNR 1/2W 5% 5.6V
D19,11320,2090,270,Top,003-00022-00,DA500P,No,No,DIODE 1N4007 RECT
D20,8310,545,90,Top,003-00022-00,DA500P,No,No,DIODE 1N4007 RECT
D21,7460,1980,90,Top,003-00022-00,DA500P,No,No,DIODE 1N4007 RECT
D22,6990,485,90,Top,003-00022-00,DA440P,No,No,DIODE 1N4007 RECT
D23,7220,1980,90,Top,003-00022-00,DA500P,No,No,DIODE 1N4007 RECT
D24,10420,2255,270,Top,003-00022-00,DA540P,No,No,DIODE 1N4007 RECT
D25,8900,2890,270,Top,003-00139-00,DA500S,Yes,No,DIODE 1N5248 ZNR 1/2W 5% 18V
D26,9020,2890,270,Top,003-00132-00,DA500S,Yes,No,DIODE 1N5994B ZNR 5.6V
D27,6500,1180,90,Top,003-00001-00,DA440S,No,No,DIODE 1N4148 75V .1A
D28,7340,1980,90,Top,003-00050-00,DA500S,No,No,DIODE 1N5232 ZNR 1/2W 5% 5.6V
D29,355,1995,270,Top,603-00016-00,DS2A,No,Yes,DIODE SMD 1N4148 RECT 75V 150MA
D30,2000,3830,270,Top,603-00016-00,DS2A,No,Yes,DIODE SMD 1N4148 RECT 75V 150MA
D31,1850,3830,270,Top,603-00016-00,DS2A,No,Yes,DIODE SMD 1N4148 RECT 75V 150MA
D32,30,3695,270,Top,603-00016-00,DS2A,No,Yes,DIODE SMD 1N4148 RECT 75V 150MA
D33,1130,1090,90,Top,603-00016-00,DS2A,No,Yes,DIODE SMD 1N4148 RECT 75V 150MA
D34,1005,1090,90,Top,603-00016-00,DS2A,No,Yes,DIODE SMD 1N4148 RECT 75V 150MA
D35,325,510,90,Top,603-00016-00,DS2A,No,Yes,DIODE SMD 1N4148 RECT 75V 150MA
D36,715,1560,270,Top,603-00012-00,DS-SOT23(123),No,Yes,DIODE SOT23 DUAL DIODE BAV99L
D37,720,1310,270,Top,603-00012-00,DS-SOT23(123),No,Yes,DIODE SOT23 DUAL DIODE BAV99L
D38,2750,2435,270,Top,603-00016-00,DS2A,No,Yes,DIODE SMD 1N4148 RECT 75V 150MA
F1,3640,3290,0,Top,ZFIDUCIAL-LOCAL,ZFUD-LOCAL,No,Yes,FIDUCIAL- LOCAL
F2,3627,1591,0,Top,ZFIDUCIAL-LOCAL,ZFUD-LOCAL,No,Yes,FIDUCIAL- LOCAL
F3,965,545,0,Top,ZFIDUCIAL-GLOBOL,ZFUD-GLOBAL,No,Yes,FIDUCIAL- GLOBAL
F4,11440,4115,0,Top,ZFIDUCIAL-GLOBOL,ZFUD-GLOBAL,No,Yes,FIDUCIAL- GLOBAL
H1,765,1945,0,Top,HOLE156,HOLE156,Yes,No,0.156 HOLE
H2,765,2380,0,Top,HOLE156,HOLE156,Yes,No,0.156 HOLE
H3,400,3380,0,Top,HOLE156,HOLE156,Yes,No,0.156 HOLE
H4,4140,3875,0,Top,HOLE156,HOLE156,Yes,No,0.156 HOLE
H5,3545,2380,0,Top,HOLE156,HOLE156,Yes,No,0.156 HOLE
H6,3540,1945,0,Top,HOLE156,HOLE156,Yes,No,0.156 HOLE
H7,3895,1365,0,Top,HOLE156,HOLE156,Yes,No,0.156 HOLE
H8,7310,4170,0,Top,HOLE156,HOLE156,No,No,0.156 HOLE
H9,0,0,0,Top,HOLE156,HOLE156,Yes,No,0.156 HOLE
H10,0,4350,0,Top,HOLE156,HOLE156,Yes,No,0.156 HOLE
H11,4815,245,0,Top,HOLE156,HOLE156,No,No,0.156 HOLE
H12,11850,0,0,Top,HOLE156,HOLE156,Yes,No,0.156 HOLE
H13,11850,4350,0,Top,HOLE156,HOLE156,No,No,0.156 HOLE
H14,4790,4170,0,Top,HOLE156,HOLE156,No,No,0.156 HOLE
H15,7695,245,0,Top,HOLE156,HOLE156,No,No,0.156 HOLE
H16,11655,255,0,Top,HOLE156,HOLE156,No,No,0.156 HOLE
H17,11135,4095,0,Top,HOLE156,HOLE156,No,No,0.156 HOLE
H18,9785,2550,0,Top,HOLE156,HOLE156,No,No,0.156 HOLE
H19,-200,-200,0,Top,ZLOCATE.001,ZLOC.001,Yes,No,
H20,-200,200,0,Top,ZLOCATE.001,ZLOC.001,Yes,No,
H21,-145,260,0,Top,ZLOCATE.001,ZLOC.001,Yes,No,
H22,-145,760,0,Top,ZLOCATE.001,ZLOC.001,Yes,No,
H23,-200,760,0,Top,ZLOCATE.001,ZLOC.001,Yes,No,
H24,-200,1595,0,Top,ZLOCATE.001,ZLOC.001,Yes,No,
H25,-150,1595,0,Top,ZLOCATE.001,ZLOC.001,Yes,No,
H26,-150,3860,0,Top,ZLOCATE.001,ZLOC.001,Yes,No,
H27,-200,3860,0,Top,ZLOCATE.001,ZLOC.001,Yes,No,
H28,-200,4100,0,Top,ZLOCATE.001,ZLOC.001,Yes,No,
H29,-200,4160,0,Top,ZLOCATE.001,ZLOC.001,Yes,No,
H30,-200,4550,0,Top,ZLOCATE.001,ZLOC.001,Yes,No,
H31,12050,4550,0,Top,ZLOCATE.001,ZLOC.001,Yes,No,
H32,12050,-200,0,Top,ZLOCATE.001,ZLOC.001,Yes,No,
H33,4550,-200,0,Top,ZLOCATE.002,ZLOC.002,Yes,No,
H34,4550,200,0,Top,ZLOCATE.002,ZLOC.002,Yes,No,
H35,4550,760,0,Top,ZLOCATE.002,ZLOC.002,Yes,No,
H36,4550,1960,0,Top,ZLOCATE.002,ZLOC.002,No,No,
H37,4550,2360,0,Top,ZLOCATE.002,ZLOC.002,No,No,
H38,4550,3410,0,Top,ZLOCATE.002,ZLOC.002,No,No,
H39,4550,3910,0,Top,ZLOCATE.002,ZLOC.002,No,No,
H40,4550,4100,0,Top,ZLOCATE.002,ZLOC.002,No,No,
H41,4550,4160,0,Top,ZLOCATE.002,ZLOC.002,No,No,
H42,4550,4550,0,Top,ZLOCATE.002,ZLOC.002,Yes,No,
H43,4080,4130,0,Top,ZLOCATE.003,ZLOC.003,No,No,
H44,3840,4130,0,Top,ZLOCATE.003,ZLOC.003,No,No,
H45,3960,4130,0,Top,ZLOCATE.003,ZLOC.003,No,No,
H46,480,4130,0,Top,ZLOCATE.003,ZLOC.003,No,No,
H47,600,4130,0,Top,ZLOCATE.003,ZLOC.003,No,No,
H48,720,4130,0,Top,ZLOCATE.003,ZLOC.003,No,No,
H49,-200,4130,0,Top,ZLOCATE.003,ZLOC.003,Yes,No,
H50,-200,230,0,Top,ZLOCATE.003,ZLOC.003,Yes,No,
H51,480,230,0,Top,ZLOCATE.003,ZLOC.003,Yes,No,
H52,3740,290,0,Top,ZLOCATE.003,ZLOC.003,Yes,No,
H53,720,230,0,Top,ZLOCATE.003,ZLOC.003,Yes,No,
H54,3620,230,0,Top,ZLOCATE.003,ZLOC.003,Yes,No,
H55,4520,230,0,Top,ZLOCATE.003,ZLOC.003,Yes,No,
H56,3860,230,0,Top,ZLOCATE.003,ZLOC.003,Yes,No,
H57,480,290,0,Top,ZLOCATE.003,ZLOC.003,Yes,No,
H58,600,290,0,Top,ZLOCATE.003,ZLOC.003,Yes,No,
H59,720,290,0,Top,ZLOCATE.003,ZLOC.003,Yes,No,
H60,3860,290,0,Top,ZLOCATE.003,ZLOC.003,Yes,No,
H61,3620,290,0,Top,ZLOCATE.003,ZLOC.003,Yes,No,
H62,4520,730,0,Top,ZLOCATE.003,ZLOC.003,Yes,No,
H63,4520,1990,0,Top,ZLOCATE.003,ZLOC.003,No,No,
H64,4360,1990,0,Top,ZLOCATE.003,ZLOC.003,No,No,
H65,4520,2330,0,Top,ZLOCATE.003,ZLOC.003,No,No,
H66,4360,2330,0,Top,ZLOCATE.003,ZLOC.003,No,No,
H67,4520,3880,0,Top,ZLOCATE.003,ZLOC.003,No,No,
H68,4360,3880,0,Top,ZLOCATE.003,ZLOC.003,No,No,
H69,4360,3440,0,Top,ZLOCATE.003,ZLOC.003,No,No,
H70,4520,3440,0,Top,ZLOCATE.003,ZLOC.003,No,No,
H71,4550,4130,0,Top,ZLOCATE.003,ZLOC.003,No,No,
H72,6600,1800,0,Top,HOLE156,HOLE156,No,No,0.156 HOLE
H73,5958,3690,0,Top,HOLE156,HOLE156,No,No,0.156 HOLE
H74,11695,3390,0,Top,ZPAD110,ZPAD110,No,No,0.110 PAD
H75,6940,1820,0,Top,ZPAD110,ZPAD110,No,No,0.110 PAD
H76,6940,1175,0,Top,ZPAD110,ZPAD110,No,No,0.110 PAD
H77,10440,4290,0,Top,ZPAD110,ZPAD110,No,No,0.110 PAD
H78,10440,3645,0,Top,ZPAD110,ZPAD110,No,No,0.110 PAD
H79,11700,2645,0,Top,ZPAD110,ZPAD110,No,No,0.110 PAD
H80,11700,1995,0,Top,ZPAD110,ZPAD110,No,No,0.110 PAD
H81,9660,1485,0,Top,ZPAD110,ZPAD110,No,No,0.110 PAD
H82,9660,840,0,Top,ZPAD110,ZPAD110,No,No,0.110 PAD
H83,8230,2015,0,Top,ZPAD110,ZPAD110,No,No,0.110 PAD
H84,8230,1370,0,Top,ZPAD110,ZPAD110,No,No,0.110 PAD
H85,11695,4035,0,Top,ZPAD110,ZPAD110,No,No,0.110 PAD
H86,8030,1050,0,Top,STAR-8HOLE,STAR-8HOLE,No,No,STAR-8HOLE
H87,8660,930,135,Top,STAR-5HOLE,STAR-5HOLE,No,No,STAR-5HOLE
H88,9360,1030,90,Top,STAR-5HOLE,STAR-5HOLE,No,No,STAR-5HOLE
H89,7330,950,157,Top,STAR-5HOLE,STAR-5HOLEAA,No,No,STAR-5HOLE
H90,8080,350,0,Top,STAR-8HOLE,STAR-8HOLEA,No,No,STAR-8HOLE
H91,8080,150,90,Top,STAR-8HOLE,STAR-8HOLEAABA,No,No,STAR-8HOLE
H92,7330,345,0,Top,STAR-8HOLE,STAR-8HOLE,No,No,STAR-8HOLE
H93,7330,145,90,Top,STAR-8HOLE,STAR-8HOLEA,No,No,STAR-8HOLE
H94,8660,150,180,Top,STAR-8HOLE,STAR-8HOLEA,No,No,STAR-8HOLE
H95,8660,350,270,Top,STAR-8HOLE,STAR-8HOLEAAAAA,No,No,STAR-8HOLE
H96,9360,140,90,Top,STAR-8HOLE,STAR-8HOLEA,No,No,STAR-8HOLE
H97,9360,340,0,Top,STAR-8HOLE,STAR-8HOLE,No,No,STAR-8HOLE
K1,7480,1550,270,Top,047-00053-02,KA3,Yes,No,RLY 24V 660 OHM T90A
K2,8810,1530,270,Top,047-00053-02,KA3,Yes,No,RLY 24V 660 OHM T90A
K3,11220,1230,270,Top,047-00166-01,KA1,No,No,"RELAY, 1FORM A 24VDC BTP"
K4,10555,1230,270,Top,047-00166-01,KA1,No,No,"RELAY, 1FORM A 24VDC BTP"
L1,1630,2450,270,Top,663-00003-00,LS0805,No,Yes,INDUCTOR BEAD SMD0805 FERRITE 300 OHM 25%
LED1,10210,3330,90,Top,003-00126-01,DRL100-RED,No,No,LED RED T 1-3/4 30MC/10MA HP
LED2,10865,2625,90,Top,003-00126-01,DRL100-RED,No,No,LED RED T 1-3/4 30MC/10MA HP
LED3,9795,600,0,Top,003-00126-01,DRL100-RED,No,No,LED RED T 1-3/4 30MC/10MA HP
LED4,11765,1200,180,Top,003-00126-01,DRL100-RED,No,No,LED RED T 1-3/4 30MC/10MA HP
LED5,400,2350,90,Top,003-00169-03,DRL100L,Yes,No,LED GREEN ULTRA BRIGHT
LED6,2235,4000,0,Top,003-00204-00,DRL100L,No,No,LED ULTRA BRIGHT RED
LED7,1160,4000,0,Top,003-00204-00,DRL100L,No,No,LED ULTRA BRIGHT RED
LED8,8310,225,0,Top,003-00126-01,DRL100-RED,No,No,LED RED T 1-3/4 30MC/10MA HP
LED9,6990,220,180,Top,003-00126-01,DRL100-RED,No,No,LED RED T 1-3/4 30MC/10MA HP
LED10,80,4000,0,Top,003-00204-00,DRL100L,No,No,LED ULTRA BRIGHT RED
LED11,2235,440,180,Top,003-00204-00,DRL100L,No,No,LED ULTRA BRIGHT RED
LED12,1160,440,180,Top,003-00204-00,DRL100L,No,No,LED ULTRA BRIGHT RED
LED13,80,440,180,Top,003-00204-00,DRL100L,No,No,LED ULTRA BRIGHT RED
MOV1,11715,655,90,Top,007-00007-65,YH007-00007,No,No,VAR MO 300V 80J 4500A
N1,5425,3045,0,Top,FPOINT,FPOINT,No,Yes,FINAL TESTPOINT
N2,5600,3835,0,Top,FPOINT,FPOINT,No,Yes,FINAL TESTPOINT
N3,5685,3730,0,Top,FPOINT,FPOINT,No,Yes,FINAL TESTPOINT
N4,5820,3835,0,Top,FPOINT,FPOINT,No,Yes,FINAL TESTPOINT
N5,6965,3355,0,Top,FPOINT,FPOINT,No,Yes,FINAL TESTPOINT
N6,6040,2900,0,Top,FPOINT,FPOINT,No,Yes,FINAL TESTPOINT
N7,7775,2375,0,Top,FPOINT,FPOINT,No,Yes,FINAL TESTPOINT
N8,4860,390,0,Top,FPOINT,FPOINT,No,Yes,FINAL TESTPOINT
P1,4220,2585,90,Top,025-00092-00,P07MR10,Yes,No,"CONN 7P .100"" SPACING RA KYBD"
P1A,3840,2585,90,Top,055-00614-00,PO7-100-710,Yes,No,"HEADER .1"" 1X7 RA"
P2,5440,250,0,Top,055-00016-30,P04HV56,No,No,CONN 4P .156 HDR MOLEX 26-60-4040
P3,10075,230,0,Top,055-00016-78,P09HV56-V8,No,No,CONN 9P .156 MOLEX 26-60-4080 VOIDED 8
P4,6150,250,0,Top,055-00016-30,P04HV56,No,No,CONN 4P .156 HDR MOLEX 26-60-4040
P5,8660,150,90,Top,028-00067-00,P01FVA,No,No,TERM ZIERICK 6021-6
P6,9360,140,90,Top,028-00067-00,P01FVA,No,No,TERM ZIERICK 6021-6
P7,8080,150,90,Top,028-00067-00,P01FVA,No,No,TERM ZIERICK 6021-6
P8,7330,145,90,Top,028-00067-00,P01FVA,No,No,TERM ZIERICK 6021-6
P9,5400,2780,180,Top,025-00104-00,P06MJV,No,No,SCKT 6P .050 RJ W/PLUG
P10,6975,3830,270,Top,055-00102-00,P06(2X3)HV100-V3&4,No,No,CONN 6P(2X3) .100 SPACING VOIDED 3 & 4
P12,5290,4180,0,Top,055-00101-00,P30HV10B,No,No,CONN 30P(2X15) .100  MOLEX 39-28-5301
P13,160,3060,270,Top,055-00096-01,P30HV10C,Yes,No,CONN 30P(2X15) .100 MOLEX 10-89-6300
P14,4045,1910,90,Top,055-00636-00,P10-V10POS100,Yes,No,"HEADER .1"" 2X5 SQ RA"
Q1,6580,3680,270,Top,004-00089-00,QRTO92,No,No,XTR 2N4403 PNP 40V .5A TO-92
Q2,7320,2820,90,Top,004-00089-00,QRTO92,No,No,XTR 2N4403 PNP 40V .5A TO-92
Q3,6040,2250,270,Top,604-00002-00,QS3B,No,Yes,XTR SMD 2N2222A NPN 40V .6A
Q4,10115,1995,270,Top,604-00002-00,QS3B,No,Yes,XTR SMD 2N2222A NPN 40V .6A
Q5,10915,1530,270,Top,604-00002-00,QS3B,No,Yes,XTR SMD 2N2222A NPN 40V .6A
Q6,7785,2055,270,Top,604-00001-00,QS3B,No,Yes,XTR SMD 2N2907A PNP 40V .6A
Q7,7020,2230,270,Top,604-00001-00,QS3B,No,Yes,XTR SMD 2N2907A PNP 40V .6A
Q8,405,3775,270,Top,604-00002-00,QS3B,No,Yes,XTR SMD 2N2222A NPN 40V .6A
Q9,1455,3265,90,Top,604-00073-00,QS3E,No,Yes,P 50V 100MA W/BIAS RESIST
Q10,665,3775,270,Top,604-00073-00,QS3E,No,Yes,P 50V 100MA W/BIAS RESIST
Q11,1655,3265,90,Top,604-00073-00,QS3E,No,Yes,P 50V 100MA W/BIAS RESIST
Q12,1555,3120,90,Top,604-00073-00,QS3E,No,Yes,P 50V 100MA W/BIAS RESIST
Q13,1355,3120,90,Top,604-00073-00,QS3E,No,Yes,P 50V 100MA W/BIAS RESIST
Q14,1255,3265,90,Top,604-00073-00,QS3E,No,Yes,P 50V 100MA W/BIAS RESIST
Q15,2455,3170,90,Top,604-00073-00,QS3E,No,Yes,P 50V 100MA W/BIAS RESIST
Q16,2555,3300,90,Top,604-00073-00,QS3E,No,Yes,P 50V 100MA W/BIAS RESIST
Q17,2855,3170,90,Top,604-00073-00,QS3E,No,Yes,P 50V 100MA W/BIAS RESIST
Q18,3060,3170,90,Top,604-00073-00,QS3E,No,Yes,P 50V 100MA W/BIAS RESIST
Q19,2955,3300,90,Top,604-00073-00,QS3E,No,Yes,P 50V 100MA W/BIAS RESIST
Q20,2655,3170,90,Top,604-00073-00,QS3E,No,Yes,P 50V 100MA W/BIAS RESIST
Q21,2755,3300,90,Top,604-00073-00,QS3E,No,Yes,P 50V 100MA W/BIAS RESIST
Q22,2325,3300,90,Top,604-00073-00,QS3E,No,Yes,P 50V 100MA W/BIAS RESIST
Q23,1250,1165,270,Top,604-00073-00,QS3E,No,Yes,P 50V 100MA W/BIAS RESIST
Q24,1350,1030,270,Top,604-00073-00,QS3E,No,Yes,P 50V 100MA W/BIAS RESIST
Q25,1650,1165,270,Top,604-00073-00,QS3E,No,Yes,P 50V 100MA W/BIAS RESIST
Q26,1850,1165,270,Top,604-00073-00,QS3E,No,Yes,P 50V 100MA W/BIAS RESIST
Q27,1750,1030,270,Top,604-00073-00,QS3E,No,Yes,P 50V 100MA W/BIAS RESIST
Q28,1450,1165,270,Top,604-00073-00,QS3E,No,Yes,P 50V 100MA W/BIAS RESIST
Q29,1550,1030,270,Top,604-00073-00,QS3E,No,Yes,P 50V 100MA W/BIAS RESIST
Q30,1950,1030,270,Top,604-00073-00,QS3E,No,Yes,P 50V 100MA W/BIAS RESIST
Q31,715,1720,270,Top,604-00073-00,QS3E,No,Yes,P 50V 100MA W/BIAS RESIST
Q32,720,1105,270,Top,604-00073-00,QS3E,No,Yes,P 50V 100MA W/BIAS RESIST
R1,10750,1710,90,Top,001-00015-00,RA5401/4,No,No,RES CF A 1/4W 10K 5%
R2,5440,680,90,Top,601-00010-00,RS1206,No,Yes,RES SMD1206 1/8W 47K 5%
R3,6100,535,90,Top,001-00048-00,RA4401/4,No,No,RES CF A 1/4W 47K 5%
R4,3035,1575,270,Top,601-00004-00,RS1206,No,Yes,RES SMD1206 1/8W 10K 5%
R5,3225,1580,90,Top,601-00004-00,RS1206,No,Yes,RES SMD1206 1/8W 10K 5%
R6,5600,680,90,Top,601-00084-00,RS1206,No,Yes,RES SMD1206 1/8W 1.5K 5%
R7,6220,535,90,Top,001-00424-00,RA4401/4,No,No,RES MF A 1/4W 26.7K 1%
R8,6460,535,90,Top,001-00424-00,RA4401/4,No,No,RES MF A 1/4W 26.7K 1%
R9,3225,1805,90,Top,601-00280-13,RS0603,No,Yes,RES SMD0603 10K 1/10W 5%
R11,6340,535,90,Top,020-00020-00,JA440,No,No,WIRE #22 GAUGE SOL TIN AA2427Y
R12,6580,535,90,Top,020-00020-00,JA440,No,No,WIRE #22 GAUGE SOL TIN AA2427Y
R13,10640,3615,270,Top,001-00609-00,RA5401/4,No,No,RES CF A 1/4W 56 5%
R14,8770,2890,270,Top,001-00015-00,RA5001/4,No,No,RES CF A 1/4W 10K 5%
R16,10210,4260,270,Top,001-00722-00,RA6601/2,No,No,RES CF A 1/2W 47K 5%
R17,10470,3445,270,Top,R25S472,RA6001/2,No,No,RES CF A 1/2W 4.7K 5%
R18,10160,3155,270,Top,001-00252-00,RA4401/4,No,No,RES CF A 1/4W 820 5%
R19,9525,4070,270,Top,R25S472,RA7001/2,No,No,RES CF A 1/2W 4.7K 5%
R20,9530,2800,270,Top,001-00015-00,RA5001/4,No,No,RES CF A 1/4W 10K 5%
R21,9260,3545,270,Top,001-00010-00,RA5001/4,No,No,RES CF A 1/4W 4.7K 5%
R22,11695,3255,270,Top,001-00609-00,RA4401/4,No,No,RES CF A 1/4W 56 5%
R23,11320,2295,90,Top,001-00722-00,RA6001/2,No,No,RES CF A 1/2W 47K 5%
R24,11470,2480,90,Top,R25S472,RA5001/2,No,No,RES CF A 1/2W 4.7K 5%
R25,11335,3225,90,Top,001-00252-00,RA6201/4,No,No,RES CF A 1/4W 820 5%
R26,11160,2215,90,Top,R25S472,RA6001/2,No,No,RES CF A 1/2W 4.7K 5%
R27,10910,3370,270,Top,001-00015-00,RA4401/4,No,No,RES CF A 1/4W 10K 5%
R28,10830,3520,90,Top,001-00010-00,RA6201/4,No,No,RES CF A 1/4W 4.7K 5%
R30,6990,2650,90,Top,001-00157-00,RA4401/4,No,No,RES CF A 1/4W 5.6K 5%
R31,7110,3090,270,Top,001-00157-00,RA4401/4,No,No,RES CF A 1/4W 5.6K 5%
R32,1810,2420,90,Top,601-00363-13,RS0603,No,Yes,RES 1K 1/10W 5% 0603
R33,5620,1800,90,Top,601-00003-00,RS1206,No,Yes,RES SMD1206 1/8W 100K 5%
R34,5880,2700,270,Top,001-00081-00,RA4401/4,No,No,RES CF A 1/4W 510K 5%
R35,5980,1800,270,Top,601-00004-00,RS1206,No,Yes,RES SMD1206 1/8W 10K 5%
R36,6160,1800,90,Top,601-00004-00,RS1206,No,Yes,RES SMD1206 1/8W 10K 5%
R37,5860,1800,270,Top,601-00100-00,RS1206,No,Yes,RES SMD1206 1/8W 620K 5%
R38,6360,1620,270,Top,001-00323-00,RA4401/4,No,No,RES CF A 1/4W 160K 5%
R39,6320,2500,270,Top,001-00672-00,RA5001/4,No,No,RES CF A 1/4W 150K 5%
R40,5760,2260,90,Top,001-00010-00,RA4401/4,No,No,RES CF A 1/4W 4.7K 5%
R41,5160,1720,270,Top,001-00037-00,RA4401/4,No,No,RES CF A 1/4W 100K 5%
R42,5160,2280,270,Top,001-00037-00,RA4401/4,No,No,RES CF A 1/4W 100K 5%
R43,5360,1080,90,Top,601-00003-00,RS1206,No,Yes,RES SMD1206 1/8W 100K 5%
R44,5740,1800,90,Top,601-00003-00,RS1206,No,Yes,RES SMD1206 1/8W 100K 5%
R45,5040,1840,90,Top,001-00037-00,RA4401/4,No,No,RES CF A 1/4W 100K 5%
R46,5380,1800,90,Top,601-00004-00,RS1206,No,Yes,RES SMD1206 1/8W 10K 5%
R47,5500,1800,90,Top,601-00099-00,RS1206,No,Yes,RES SMD1206 1/8W 470K 5%
R48,5960,1080,270,Top,601-00004-00,RS1206,No,Yes,RES SMD1206 1/8W 10K 5%
R49,9635,680,270,Top,001-00609-00,RA5001/4,No,No,RES CF A 1/4W 56 5%
R50,2650,460,90,Top,601-00003-00,RS1206,No,Yes,RES SMD1206 1/8W 100K 5%
R51,2750,460,90,Top,601-00003-00,RS1206,No,Yes,RES SMD1206 1/8W 100K 5%
R52,2850,460,90,Top,601-00003-00,RS1206,No,Yes,RES SMD1206 1/8W 100K 5%
R53,2950,460,90,Top,601-00003-00,RS1206,No,Yes,RES SMD1206 1/8W 100K 5%
R54,3050,460,90,Top,601-00003-00,RS1206,No,Yes,RES SMD1206 1/8W 100K 5%
R55,4125,2165,270,Top,601-00001-00,RS1206,No,Yes,RES SMD1206 1/8W 100 5%
R56,3155,3900,180,Top,001-00572-00,RA6601W,No,No,RES CF A 1W 100 5%
R57,5120,1080,270,Top,601-00004-00,RS1206,No,Yes,RES SMD1206 1/8W 10K 5%
R58,9875,1400,270,Top,001-00722-00,RA6001/2,No,No,RES CF A 1/2W 47K 5%
R59,10640,2250,270,Top,001-00244-00,RA5401/4,No,No,RES MF A 1/4W 11.5K 1%
R60,11160,1590,90,Top,001-00609-00,RA5001/4,No,No,RES CF A 1/4W 56 5%
R61,11595,1870,270,Top,001-00722-00,RA5001/2,No,No,RES CF A 1/2W 47K 5%
R62,10530,2250,270,Top,001-00244-00,RA5401/4,No,No,RES MF A 1/4W 11.5K 1%
R63,8570,1975,270,Top,001-00609-00,RA4601/4,No,No,RES CF A 1/4W 56 5%
R64,2645,2400,270,Top,601-00365-13,RS0603,No,Yes,RES 10.0K 1/10W 1% 0603
R65,2215,1345,90,Top,601-04049-00,RS0805,No,Yes,RES SMD0805 1/8W 100 5%
R66,8440,1640,270,Top,001-00722-00,RA5001/2,No,No,RES CF A 1/2W 47K 5%
R67,7580,2480,270,Top,001-00236-00,RA5001/4,No,No,RES CF A .33W 1.3K 5%
R68,325,770,90,Top,001-00721-00,RA6001/2,No,No,RES CF A 1/2W 1.5K 5%
R69,7170,1760,270,Top,001-00609-00,RA6001/4,No,No,RES CF A 1/4W 56 5%
R70,6830,1020,270,Top,001-00722-00,RA6001/2,No,No,RES CF A 1/2W 47K 5%
R71,165,770,90,Top,001-00721-00,RA6001/2,No,No,RES CF A 1/2W 1.5K 5%
R72,6820,2500,270,Top,001-00236-00,RA5001/4,No,No,RES CF A .33W 1.3K 5%
R73,4920,1280,90,Top,001-00013-00,RA4401/4,No,No,RES CF A 1/4W 470 5%
R74,485,770,90,Top,001-00721-00,RA6001/2,No,No,RES CF A 1/2W 1.5K 5%
R75,5640,2260,90,Top,001-00037-00,RA4401/4,No,No,RES CF A 1/4W 100K 5%
R76,540,3775,90,Top,601-04103-00,RS0805,No,Yes,RES SMD0805 1/8W 18K 5%
R78,10860,2250,270,Top,001-00015-00,RA5401/4,No,No,RES CF A 1/4W 10K 5%
R82,5720,1080,270,Top,601-00004-00,RS1206,No,Yes,RES SMD1206 1/8W 10K 5%
R83,6720,1180,90,Top,001-00673-00,RA4401/4,No,No,RES CF A 1/4W 220K 5%
R84,5600,1080,90,Top,601-00099-00,RS1206,No,Yes,RES SMD1206 1/8W 470K 5%
R85,5840,1080,270,Top,601-00096-00,RS1206,No,Yes,RES SMD1206 1/8W 220K 5%
R86,6220,1180,90,Top,001-00673-00,RA4401/4,No,No,RES CF A 1/4W 220K 5%
R87,9280,2185,90,Top,001-00378-00,RA6001/2,No,No,RES CF A 1/2W 470 5%
R89,6175,3840,270,Top,001-00037-00,RA4401/4,No,No,RES CF A 1/4W 100K 5%
R90,6325,3840,270,Top,001-00037-00,RA4401/4,No,No,RES CF A 1/4W 100K 5%
R92,5190,680,90,Top,601-00003-00,RS1206,No,Yes,RES SMD1206 1/8W 100K 5%
R100,1315,2380,270,Top,601-04049-00,RS0805,No,Yes,RES SMD0805 1/8W 100 5%
R101,2245,2075,270,Top,601-04049-00,RS0805,No,Yes,RES SMD0805 1/8W 100 5%
R105,1935,1320,270,Top,601-04049-00,RS0805,No,Yes,RES SMD0805 1/8W 100 5%
R107,1680,1395,270,Top,601-04076-00,RS0805,No,Yes,RES SMD0805 1/8W 1.3K 5%
R108,1589,547,0,Top,601-04076-00,RS0805,No,Yes,RES SMD0805 1/8W 1.3K 5%
R113,2750,2225,90,Top,601-00283-13,RS0603,No,Yes,RES SMD0603 100 OHM 1/10W 1%
R115,3815,1010,90,Top,601-00283-13,RS0603,No,Yes,RES SMD0603 100 OHM 1/10W 1%
R116,3965,1010,90,Top,601-00283-13,RS0603,No,Yes,RES SMD0603 100 OHM 1/10W 1%
R117,3890,1010,90,Top,601-00283-13,RS0603,No,Yes,RES SMD0603 100 OHM 1/10W 1%
R118,3275,2170,270,Top,601-00001-00,RS1206,No,Yes,RES SMD1206 1/8W 100 5%
S1,5190,200,90,Top,E02806,SAPA,No,No,SW PCB MOMENTARY N.O. AI
T1,8825,4095,180,Top,010-00129-00,T9900A,No,No,XFMR 24V 0.11A DEXTER
U2,9940,3160,180,Top,053-00071-00,UH30006,No,No,IC OPTO NPN 4N25A
U3,11190,3820,180,Top,053-00071-00,UH30006,No,No,IC OPTO NPN 4N25A
U4,5640,1500,180,Top,653-00001-00,US30014,No,Yes,IC SMD-14 PIN QUAD COMP LM339-S
U5,3220,2610,0,Top,653-00013-00,US30016,No,Yes,IC CMOS CD4053
U7,3405,1620,180,Top,653-00057-00,US30008,No,Yes,IC 64 X 8 SERIAL REAL TIME CLOCK SOIC
U8,3060,2205,180,Top,653-00766-00,US-TSSOP8-SO,No,Yes,IC IRDA ENC/DEC TSSOP-8
U9,3670,2205,0,Top,653-00047-00,US2768,Yes,Yes,IC TFDU4100 SERIAL INFRARED TRANSCEIVER
U10,3345,3000,0,Top,653-00045-00,US30014,No,Yes,IC MAXIM RS-485/RS-422 TRANSCEIVER
V1,955,3615,0,Top,008-00118-01,VH25V,No,No,DISPLAY VF5-MT-123GNA LEAD.515
V2,3350,705,180,Top,008-00118-01,VH25V,No,No,DISPLAY VF5-MT-123GNA LEAD.515
X1,3840,1825,270,Top,654-00003-00,XS4X,No,Yes,XTAL SM20S 32.768 KHZ
X2,2640,1765,90,Top,654-00004-00,XS2X,No,Yes,"XTAL SM42 4,9152 MHZ"
,,,,,,,,,
 EOF ,,,,,,,,,
