 Robertshaw Bottom Part Report for 009-00870.pcb on 6/29/2015 2:49:47 PM,,,,,,,,,
,,,,,,,,,
Requested Condition:,,,,,,,,,
Layer Name contains 'Bottom',,,,,,,,,
,,,,,,,,,
Name,Position X,Position Y,Rotation,Layer Name,Part Type,PCB Decal,Glued,SMD,Description
C200,430,4120,90,Bottom,602-20037-02,CS0603,Yes,Yes,CAP SMD0603 CER .1UF 25V 10% XR7
C201,725,4490,90,Bottom,602-00020-03,CS0805,Yes,Yes,CAP SMD0805 CER .01UF 50V 10% X7R
C202,950,4096,90,Bottom,602-00264-13,CS0603,Yes,Yes,CAP .033UF 10% 50V X7R 0603
C203,824,4096,270,Bottom,602-20037-02,CS0603,Yes,Yes,CAP SMD0603 CER .1UF 25V 10% XR7
C204,1013,4096,270,Bottom,602-20037-02,CS0603,Yes,Yes,CAP SMD0603 CER .1UF 25V 10% XR7
C205,887,4096,270,Bottom,602-20037-02,CS0603,Yes,Yes,CAP SMD0603 CER .1UF 25V 10% XR7
C206,2200,5575,270,Bottom,602-00020-03,CS0805,Yes,Yes,CAP SMD0805 CER .01UF 50V 10% X7R
C207,1045,5815,270,Bottom,602-00020-03,CS0805,Yes,Yes,CAP SMD0805 CER .01uF 50V 10% X7R
C208,892,4228,90,Bottom,602-20037-02,CS0603,Yes,Yes,CAP SMD0603 CER .1UF 25V 10% XR7
C209,1475,2495,90,Bottom,602-00025-03,CS0805,Yes,Yes,CAP SMD0805 CER .1UF 50V 10% X7R
C210,1128,4004,90,Bottom,602-20037-02,CS0603,Yes,Yes,CAP SMD0603 CER .1UF 25V 10% XR7
C211,1050,2850,90,Bottom,602-00149-03,CS0805,Yes,Yes,CAP 4.7UF 10V X5R 0805
C212,1130,4490,90,Bottom,602-00020-03,CS0805,Yes,Yes,CAP SMD0805 CER .01UF 50V 10% X7R
C213,1130,3390,90,Bottom,602-00148-13,CS0603,Yes,Yes,CAP 1UF 25V X5R 0603
C214,1220,5795,270,Bottom,602-20037-02,CS0603,Yes,Yes,CAP SMD0603 CER .1UF 25V 10% XR7
C215,1300,4680,90,Bottom,602-20037-02,CS0603,Yes,Yes,CAP SMD0603 CER .1UF 25V 10% XR7
C216,1320,4330,270,Bottom,602-20037-02,CS0603,Yes,Yes,CAP SMD0603 CER .1UF 25V 10% XR7
C217,1405,4630,270,Bottom,602-20052-00,CS1206,Yes,Yes,CAP 2.2UF 20% 25V X7R 1206
C218,1515,3240,270,Bottom,602-20037-02,CS0603,Yes,Yes,CAP SMD0603 CER .1UF 25V 10% XR7
C219,1375,3140,270,Bottom,602-00148-13,CS0603,Yes,Yes,CAP 1UF 25V X5R 0603
C220,1500,6040,90,Bottom,602-20037-02,CS0603,Yes,Yes,CAP SMD0603 CER .1UF 25V 10% XR7
C221,1495,5620,270,Bottom,602-20037-02,CS0603,Yes,Yes,CAP SMD0603 CER .1UF 25V 10% XR7
C222,1460,5160,270,Bottom,602-20037-02,CS0603,Yes,Yes,CAP SMD0603 CER .1UF 25V 10% XR7
C223,1465,4470,270,Bottom,602-00264-13,CS0603,Yes,Yes,CAP .033UF 10% 50V X7R 0603
C224,1565,505,90,Bottom,602-00020-03,CS0805,Yes,Yes,CAP SMD0805 CER .01UF 50V 10% X7R
C225,1550,5410,270,Bottom,602-20037-02,CS0603,Yes,Yes,CAP SMD0603 CER .1UF 25V 10% XR7
C226,1525,4800,90,Bottom,602-05012-D272K,CS0603,Yes,Yes,CAP 2.7NF 10% 50V X7R 0603
C227,1525,4650,270,Bottom,602-05012-D272K,CS0603,Yes,Yes,CAP 2.7NF 10% 50V X7R 0603
C228,1540,4470,90,Bottom,602-20037-02,CS0603,Yes,Yes,CAP SMD0603 CER .1UF 25V 10% XR7
C229,1580,6030,270,Bottom,602-00020-03,CS0805,Yes,Yes,CAP SMD0805 CER .01uF 50V 10% X7R
C230,1600,4800,90,Bottom,602-00264-13,CS0603,Yes,Yes,CAP .033UF 10% 50V X7R 0603
C231,1600,4650,270,Bottom,602-00264-13,CS0603,Yes,Yes,CAP .033UF 10% 50V X7R 0603
C232,1635,4450,270,Bottom,602-00322-00,CS1206,Yes,Yes,CAP 4.7UF -20/80% 16V Y5V 1206
C233,1785,2295,90,Bottom,602-00025-03,CS0805,Yes,Yes,CAP SMD0805 CER .1UF 50V 10% X7R
C234,1665,505,90,Bottom,602-00020-03,CS0805,Yes,Yes,CAP SMD0805 CER .01uF 50V 10% X7R
C235,1705,5760,270,Bottom,602-00020-03,CS0805,Yes,Yes,CAP SMD0805 CER .01uF 50V 10% X7R
C236,1715,5165,90,Bottom,602-00322-00,CS1206,Yes,Yes,CAP 4.7UF -20/80% 16V Y5V 1206
C237,1670,4965,270,Bottom,602-05012-D272K,CS0603,Yes,Yes,CAP 2.7NF 10% 50V X7R 0603
C238,1675,4220,270,Bottom,602-00264-13,CS0603,Yes,Yes,CAP .033UF 10% 50V X7R 0603
C239,1745,4965,270,Bottom,602-00264-13,CS0603,Yes,Yes,CAP .033UF 10% 50V X7R 0603
C240,1885,4965,270,Bottom,602-10049-02,CS0603,Yes,Yes,CAP 470PF 50V 5% C0G 0603
C241,1750,4220,90,Bottom,602-20037-02,CS0603,Yes,Yes,CAP SMD0603 CER .1UF 25V 10% XR7
C242,1815,5125,90,Bottom,602-00264-13,CS0603,Yes,Yes,CAP .033UF 10% 50V X7R 0603
C243,1815,4965,90,Bottom,602-20037-02,CS0603,Yes,Yes,CAP SMD0603 CER .1UF 25V 10% XR7
C244,1820,4405,90,Bottom,602-00264-13,CS0603,Yes,Yes,CAP .033UF 10% 50V X7R 0603
C245,1900,4220,270,Bottom,602-00264-13,CS0603,Yes,Yes,CAP .033UF 10% 50V X7R 0603
C247,1895,4405,270,Bottom,602-20037-02,CS0603,Yes,Yes,CAP SMD0603 CER .1UF 25V 10% XR7
C249,2035,505,90,Bottom,602-00020-03,CS0805,Yes,Yes,CAP SMD0805 CER .01uF 50V 10% X7R
C250,1980,4940,270,Bottom,602-20052-00,CS1206,Yes,Yes,CAP 2.2UF 20% 25V X7R 1206
C251,1970,4405,270,Bottom,602-20037-02,CS0603,Yes,Yes,CAP SMD0603 CER .1UF 25V 10% XR7
C252,2040,5125,270,Bottom,602-20037-02,CS0603,Yes,Yes,CAP SMD0603 CER .1UF 25V 10% XR7
C253,2045,4405,90,Bottom,602-00264-13,CS0603,Yes,Yes,CAP .033UF 10% 50V X7R 0603
C254,2085,3450,90,Bottom,602-00121-03,CS0805,Yes,Yes,CAP 100PF 200V 10% C0G 0805
C255,2155,505,90,Bottom,602-00020-03,CS0805,Yes,Yes,CAP SMD0805 CER .01uF 50V 10% X7R
C256,2115,5125,90,Bottom,602-00264-13,CS0603,Yes,Yes,CAP .033UF 10% 50V X7R 0603
C257,2150,4895,90,Bottom,602-05012-D272K,CS0603,Yes,Yes,CAP 2.7NF 10% 50V X7R 0603
C258,2155,4485,90,Bottom,602-20037-02,CS0603,Yes,Yes,CAP SMD0603 CER .1UF 25V 10% XR7
C259,2205,4895,90,Bottom,602-00264-13,CS0603,Yes,Yes,CAP .033UF 10% 50V X7R 0603
C260,2225,4485,270,Bottom,602-00264-13,CS0603,Yes,Yes,CAP .033UF 10% 50V X7R 0603
C261,2375,505,90,Bottom,602-00020-03,CS0805,Yes,Yes,CAP SMD0805 CER .01uF 50V 10% X7R
C262,2480,5345,270,Bottom,602-00020-03,CS0805,Yes,Yes,CAP SMD0805 CER .01uF 50V 10% X7R
C263,2500,3450,90,Bottom,602-00121-03,CS0805,Yes,Yes,CAP 100PF 200V 10% C0G 0805
C264,2745,5560,90,Bottom,602-20037-02,CS0603,Yes,Yes,CAP SMD0603 CER .1UF 25V 10% XR7
C265,2715,5140,270,Bottom,602-20037-02,CS0603,Yes,Yes,CAP SMD0603 CER .1UF 25V 10% XR7
C266,2710,1955,90,Bottom,602-00025-03,CS0805,Yes,Yes,CAP SMD0805 CER .1UF 50V 10% X7R
C267,2665,3400,90,Bottom,602-10049-03,CS0805,Yes,Yes,CAP SMD0805 CER 470PF 100V 5%
C268,2965,5350,90,Bottom,602-20037-02,CS0603,Yes,Yes,CAP SMD0603 CER .1UF 25V 10% XR7
C269,3040,1905,90,Bottom,602-00158-03,CS0805,Yes,Yes,CAP 1UF 50V 10% X7R 0805
D200,330,5455,270,Bottom,603-00017-00,DS2(BOT),Yes,Yes,DIODE SMD 1N4007 RECT 1KV 1A
D201,330,5045,90,Bottom,603-00017-00,DS2(BOT),Yes,Yes,DIODE SMD 1N4007 RECT 1KV 1A
D202,330,4510,90,Bottom,603-00017-00,DS2(BOT),Yes,Yes,DIODE SMD 1N4007 RECT 1KV 1A
D203,1740,1745,90,Bottom,603-00041-00,DS2A,Yes,Yes,DIODE SMD ZNR 500MW 16V MMSZ5246BT1G
D204,390,2575,90,Bottom,603-00017-00,DS2(BOT),Yes,Yes,DIODE SMD 1N4007 RECT 1KV 1A
D205,635,5855,270,Bottom,603-00018-00,DS2A,Yes,Yes,DIODE SMD ZNR 1/2W 5% 4.3V MMBZ5229B
D206,1300,4004,90,Bottom,603-00016-00,DS2A,Yes,Yes,DIODE SMD 1N4148 RECT 75V 150MA
D207,1220,360,270,Bottom,603-00016-00,DS2A-BOT,Yes,Yes,DIODE SMD 1N4148 RECT 75V 150mA
D208,1220,75,270,Bottom,603-00016-00,DS2A-BOT,Yes,Yes,DIODE SMD 1N4148 RECT 75V 150MA
D209,1710,5995,90,Bottom,603-00016-00,DS2A-BOT,Yes,Yes,DIODE SMD 1N4148 RECT 75V 150mA
D210,1945,3335,270,Bottom,603-00104-00,DS-SMA-BOT,Yes,Yes,DIODE 150V 2A SCHOTTKY RECT SMA
D211,1105,1710,90,Bottom,603-00017-00,DS2(BOT),Yes,Yes,DIODE SMD 1N4007 RECT 1KV 1A
D212,2330,5550,270,Bottom,603-00016-00,DS2A-BOT,Yes,Yes,DIODE SMD 1N4148 RECT 75V 150mA
D213,2380,3335,270,Bottom,603-00104-00,DS-SMA-BOT,Yes,Yes,DIODE 150V 2A SCHOTTKY RECT SMA
D214,2175,1945,90,Bottom,603-00070-00,DS-SMB-BOT,Yes,Yes,DIODE SMB FAST HIGH VOLTAGE 1A 600V 20NS
D215,2830,1965,90,Bottom,603-00016-00,DS2A-BOT,Yes,Yes,DIODE SMD 1N4148 RECT 75V 150MA
D216,2805,3340,270,Bottom,603-00104-00,DS-SMA-BOT,Yes,Yes,DIODE 150V 2A SCHOTTKY RECT SMA
F200,70,6545,0,Bottom,ZFIDUCIAL,ZFUD-GLOBAL,Yes,Yes,FIDUCIAL
F201,7290,730,0,Bottom,ZFIDUCIAL,ZFUD-GLOBAL,Yes,Yes,FIDUCIAL
L200,600,5490,270,Bottom,663-00031-00,LS0603,Yes,Yes,FERRITE BEAD 300 OHM 0603
L203,1560,5125,90,Bottom,663-00002-00,CS1206,Yes,Yes,INDUCTOR BEAD SMD1206 FERRITE 60 OHM 25%
L204,2030,6525,90,Bottom,663-00031-00,LS0603,Yes,Yes,FERRITE BEAD 300 OHM 0603
L205,2185,6525,270,Bottom,663-00031-00,LS0603,Yes,Yes,FERRITE BEAD 300 OHM 0603
L206,2655,6525,270,Bottom,663-00031-00,LS0603,Yes,Yes,FERRITE BEAD 300 OHM 0603
L207,2895,3840,90,Bottom,663-00031-00,LS0603,Yes,Yes,FERRITE BEAD 300 OHM 0603
L208,2965,6525,270,Bottom,663-00031-00,LS0603,Yes,Yes,FERRITE BEAD 300 OHM 0603
N1,1810,6770,0,Bottom,TPOINT40,TPOINT40,Yes,Yes,"TESTPOINT .040"" DIA RND PAD"
N2,3135,5135,0,Bottom,TPOINT40,TPOINT40,Yes,Yes,"TESTPOINT .040"" DIA RND PAD"
N3,2332,4316,0,Bottom,TPOINT60,TPOINT60,Yes,Yes,TESTPOINT .060 DIA RND PAD
N4,2148,4592,0,Bottom,TPOINT60,TPOINT60,Yes,Yes,TESTPOINT .060 DIA RND PAD
N5,1235,4755,0,Bottom,TPOINT60,TPOINT60,Yes,Yes,TESTPOINT .060 DIA RND PAD
N6,1715,6595,0,Bottom,TPOINT40,TPOINT40,Yes,Yes,"TESTPOINT .040"" DIA RND PAD"
N7,1610,6535,0,Bottom,TPOINT40,TPOINT40,Yes,Yes,"TESTPOINT .040"" DIA RND PAD"
N8,1850,6505,0,Bottom,TPOINT40,TPOINT40,Yes,Yes,"TESTPOINT .040"" DIA RND PAD"
N9,4955,4735,0,Bottom,TPOINT40,TPOINT40,Yes,Yes,TESTPOINT .060 DIA RND PAD
N10,6430,6460,0,Bottom,TPOINT40,TPOINT40,Yes,Yes,TESTPOINT .060 DIA RND PAD
N11,1610,6330,0,Bottom,TPOINT40,TPOINT40,Yes,Yes,"TESTPOINT .040"" DIA RND PAD"
N12,1752,6364,0,Bottom,TPOINT40,TPOINT40,Yes,Yes,"TESTPOINT .040"" DIA RND PAD"
N13,5655,6360,0,Bottom,TPOINT40,TPOINT40,Yes,Yes,TESTPOINT .060 DIA RND PAD
N14,5850,6320,0,Bottom,TPOINT40,TPOINT40,Yes,Yes,TESTPOINT .060 DIA RND PAD
N15,225,6300,0,Bottom,TPOINT40,TPOINT40,Yes,Yes,"TESTPOINT .040"" DIA RND PAD"
N16,2955,1860,0,Bottom,TPOINT40,TPOINT40,Yes,Yes,TESTPOINT .060 DIA RND PAD
N17,825,4195,0,Bottom,TPOINT60,TPOINT60,Yes,Yes,TESTPOINT .060 DIA RND PAD
N18,5415,6300,0,Bottom,TPOINT40,TPOINT40,Yes,Yes,TESTPOINT .060 DIA RND PAD
N19,6430,6305,0,Bottom,TPOINT40,TPOINT40,Yes,Yes,TESTPOINT .060 DIA RND PAD
N20,805,6205,0,Bottom,TPOINT40,TPOINT40,Yes,Yes,"TESTPOINT .040"" DIA RND PAD"
N21,920,6225,0,Bottom,TPOINT40,TPOINT40,Yes,Yes,"TESTPOINT .040"" DIA RND PAD"
N22,1115,6215,0,Bottom,TPOINT40,TPOINT40,Yes,Yes,"TESTPOINT .040"" DIA RND PAD"
N23,1225,6215,0,Bottom,TPOINT40,TPOINT40,Yes,Yes,TESTPOINT .060 DIA RND PAD
N24,1745,6250,0,Bottom,TPOINT40,TPOINT40,Yes,Yes,"TESTPOINT .040"" DIA RND PAD"
N25,2956,5932,0,Bottom,TPOINT40,TPOINT40,Yes,Yes,"TESTPOINT .040"" DIA RND PAD"
N26,5230,6225,0,Bottom,TPOINT40,TPOINT40,Yes,Yes,TESTPOINT .060 DIA RND PAD
N27,5660,6205,0,Bottom,TPOINT40,TPOINT40,Yes,Yes,TESTPOINT .060 DIA RND PAD
N28,5960,6250,0,Bottom,TPOINT40,TPOINT40,Yes,Yes,TESTPOINT .060 DIA RND PAD
N29,6170,6220,0,Bottom,TPOINT40,TPOINT40,Yes,Yes,TESTPOINT .060 DIA RND PAD
N30,705,6195,0,Bottom,TPOINT40,TPOINT40,Yes,Yes,"TESTPOINT .040"" DIA RND PAD"
N31,980,6145,0,Bottom,TPOINT40,TPOINT40,Yes,Yes,"TESTPOINT .040"" DIA RND PAD"
N32,2890,6170,0,Bottom,TPOINT40,TPOINT40,Yes,Yes,"TESTPOINT .040"" DIA RND PAD"
N33,3030,6175,0,Bottom,TPOINT40,TPOINT40,Yes,Yes,TESTPOINT .060 DIA RND PAD
N34,5415,6145,0,Bottom,TPOINT40,TPOINT40,Yes,Yes,TESTPOINT .060 DIA RND PAD
N35,5850,6165,0,Bottom,TPOINT40,TPOINT40,Yes,Yes,TESTPOINT .060 DIA RND PAD
N36,6430,6145,0,Bottom,TPOINT40,TPOINT40,Yes,Yes,"TESTPOINT .040"" DIA RND PAD"
N37,230,6090,0,Bottom,TPOINT40,TPOINT40,Yes,Yes,"TESTPOINT .040"" DIA RND PAD"
N38,1890,6135,0,Bottom,TPOINT40,TPOINT40,Yes,Yes,"TESTPOINT .040"" DIA RND PAD"
N39,3270,6045,0,Bottom,TPOINT40,TPOINT40,Yes,Yes,"TESTPOINT .040"" DIA RND PAD"
N40,1140,6085,0,Bottom,TPOINT40,TPOINT40,Yes,Yes,"TESTPOINT .040"" DIA RND PAD"
N41,1230,6035,0,Bottom,TPOINT40,TPOINT40,Yes,Yes,"TESTPOINT .040"" DIA RND PAD"
N42,1375,6065,0,Bottom,TPOINT40,TPOINT40,Yes,Yes,TESTPOINT .060 DIA RND PAD
N43,3110,6060,0,Bottom,TPOINT40,TPOINT40,Yes,Yes,TESTPOINT .060 DIA RND PAD
N44,5230,6065,0,Bottom,TPOINT40,TPOINT40,Yes,Yes,TESTPOINT .060 DIA RND PAD
N45,5660,6060,0,Bottom,TPOINT40,TPOINT40,Yes,Yes,TESTPOINT .060 DIA RND PAD
N46,6170,6065,0,Bottom,TPOINT40,TPOINT40,Yes,Yes,TESTPOINT .060 DIA RND PAD
N47,225,5988,0,Bottom,TPOINT40,TPOINT40,Yes,Yes,"TESTPOINT .040"" DIA RND PAD"
N48,2685,5940,0,Bottom,TPOINT40,TPOINT40,Yes,Yes,"TESTPOINT .040"" DIA RND PAD"
N49,2975,5695,0,Bottom,TPOINT40,TPOINT40,Yes,Yes,"TESTPOINT .040"" DIA RND PAD"
N50,3250,5945,0,Bottom,TPOINT40,TPOINT40,Yes,Yes,"TESTPOINT .040"" DIA RND PAD"
N51,5850,6025,0,Bottom,TPOINT40,TPOINT40,Yes,Yes,TESTPOINT .060 DIA RND PAD
N52,6430,5985,0,Bottom,TPOINT40,TPOINT40,Yes,Yes,TESTPOINT .060 DIA RND PAD
N53,735,5970,0,Bottom,TPOINT40,TPOINT40,Yes,Yes,"TESTPOINT .040"" DIA RND PAD"
N54,1116,5984,0,Bottom,TPOINT40,TPOINT40,Yes,Yes,"TESTPOINT .040"" DIA RND PAD"
N55,2415,6315,0,Bottom,TPOINT40,TPOINT40,Yes,Yes,"TESTPOINT .040"" DIA RND PAD"
N56,6798,5964,0,Bottom,TPOINT40,TPOINT40,Yes,Yes,TESTPOINT .060 DIA RND PAD
N57,450,5885,0,Bottom,TPOINT40,TPOINT40,Yes,Yes,"TESTPOINT .040"" DIA RND PAD"
N58,1240,5910,0,Bottom,TPOINT40,TPOINT40,Yes,Yes,"TESTPOINT .040"" DIA RND PAD"
N59,5660,5905,0,Bottom,TPOINT40,TPOINT40,Yes,Yes,TESTPOINT .060 DIA RND PAD
N60,5850,5870,0,Bottom,TPOINT40,TPOINT40,Yes,Yes,TESTPOINT .060 DIA RND PAD
N61,6485,5865,0,Bottom,TPOINT40,TPOINT40,Yes,Yes,TESTPOINT .060 DIA RND PAD
N62,6756,5883,0,Bottom,TPOINT40,TPOINT40,Yes,Yes,TESTPOINT .060 DIA RND PAD
N63,225,5832,0,Bottom,TPOINT40,TPOINT40,Yes,Yes,"TESTPOINT .040"" DIA RND PAD"
N64,357,5827,0,Bottom,TPOINT40,TPOINT40,Yes,Yes,"TESTPOINT .040"" DIA RND PAD"
N65,960,5775,0,Bottom,TPOINT40,TPOINT40,Yes,Yes,"TESTPOINT .040"" DIA RND PAD"
N66,1850,5875,0,Bottom,TPOINT40,TPOINT40,Yes,Yes,TESTPOINT .060 DIA RND PAD
N67,790,3490,0,Bottom,TPOINT60,TPOINT60,Yes,Yes,TESTPOINT .060 DIA RND PAD
N68,1425,3915,0,Bottom,TPOINT60,TPOINT60,Yes,Yes,TESTPOINT .060 DIA RND PAD
N69,2960,5815,0,Bottom,TPOINT40,TPOINT40,Yes,Yes,"TESTPOINT .040"" DIA RND PAD"
N70,5995,5835,0,Bottom,TPOINT40,TPOINT40,Yes,Yes,TESTPOINT .060 DIA RND PAD
N71,6165,5830,0,Bottom,TPOINT40,TPOINT40,Yes,Yes,TESTPOINT .060 DIA RND PAD
N72,760,5785,0,Bottom,TPOINT40,TPOINT40,Yes,Yes,"TESTPOINT .040"" DIA RND PAD"
N73,870,5845,0,Bottom,TPOINT40,TPOINT40,Yes,Yes,"TESTPOINT .040"" DIA RND PAD"
N74,4585,5755,0,Bottom,TPOINT40,TPOINT40,Yes,Yes,"TESTPOINT .040"" DIA RND PAD"
N75,6430,5750,0,Bottom,TPOINT40,TPOINT40,Yes,Yes,TESTPOINT .060 DIA RND PAD
N76,6520,5760,0,Bottom,TPOINT40,TPOINT40,Yes,Yes,TESTPOINT .060 DIA RND PAD
N77,225,5675,0,Bottom,TPOINT40,TPOINT40,Yes,Yes,"TESTPOINT .040"" DIA RND PAD"
N78,387,5721,0,Bottom,TPOINT40,TPOINT40,Yes,Yes,"TESTPOINT .040"" DIA RND PAD"
N79,2370,5815,0,Bottom,TPOINT40,TPOINT40,Yes,Yes,"TESTPOINT .040"" DIA RND PAD"
N80,2795,5830,0,Bottom,TPOINT40,TPOINT40,Yes,Yes,"TESTPOINT .040"" DIA RND PAD"
N81,6760,5705,0,Bottom,TPOINT40,TPOINT40,Yes,Yes,TESTPOINT .060 DIA RND PAD
N82,915,5640,0,Bottom,TPOINT40,TPOINT40,Yes,Yes,"TESTPOINT .040"" DIA RND PAD"
N83,3085,5640,0,Bottom,TPOINT40,TPOINT40,Yes,Yes,"TESTPOINT .040"" DIA RND PAD"
N84,6165,5670,0,Bottom,TPOINT40,TPOINT40,Yes,Yes,TESTPOINT .060 DIA RND PAD
N85,6605,5660,0,Bottom,TPOINT40,TPOINT40,Yes,Yes,TESTPOINT .060 DIA RND PAD
N86,525,5445,0,Bottom,TPOINT40,TPOINT40,Yes,Yes,"TESTPOINT .040"" DIA RND PAD"
N87,1610,5600,0,Bottom,TPOINT40,TPOINT40,Yes,Yes,"TESTPOINT .040"" DIA RND PAD"
N88,3145,5560,0,Bottom,TPOINT40,TPOINT40,Yes,Yes,"TESTPOINT .040"" DIA RND PAD"
N89,6430,5595,0,Bottom,TPOINT40,TPOINT40,Yes,Yes,TESTPOINT .060 DIA RND PAD
N90,205,5520,0,Bottom,TPOINT40,TPOINT40,Yes,Yes,"TESTPOINT .040"" DIA RND PAD"
N91,2230,5440,0,Bottom,TPOINT40,TPOINT40,Yes,Yes,"TESTPOINT .040"" DIA RND PAD"
N92,5330,5545,0,Bottom,TPOINT40,TPOINT40,Yes,Yes,TESTPOINT .060 DIA RND PAD
N93,6170,5515,0,Bottom,TPOINT40,TPOINT40,Yes,Yes,TESTPOINT .060 DIA RND PAD
N94,2915,5445,0,Bottom,TPOINT40,TPOINT40,Yes,Yes,"TESTPOINT .040"" DIA RND PAD"
N95,3105,5465,0,Bottom,TPOINT40,TPOINT40,Yes,Yes,"TESTPOINT .040"" DIA RND PAD"
N96,5685,5435,0,Bottom,TPOINT40,TPOINT40,Yes,Yes,"TESTPOINT .040"" DIA RND PAD"
N97,6430,5430,0,Bottom,TPOINT40,TPOINT40,Yes,Yes,TESTPOINT .060 DIA RND PAD
N98,205,5364,0,Bottom,TPOINT40,TPOINT40,Yes,Yes,"TESTPOINT .040"" DIA RND PAD"
N99,850,4395,0,Bottom,TPOINT60,TPOINT60,Yes,Yes,TESTPOINT .060 DIA RND PAD
N100,925,6590,0,Bottom,TPOINT40,TPOINT40,Yes,Yes,"TESTPOINT .040"" DIA RND PAD"
N101,1080,6590,0,Bottom,TPOINT40,TPOINT40,Yes,Yes,"TESTPOINT .040"" DIA RND PAD"
N102,2330,5375,0,Bottom,TPOINT40,TPOINT40,Yes,Yes,TESTPOINT .060 DIA RND PAD
N103,3125,5345,0,Bottom,TPOINT40,TPOINT40,Yes,Yes,"TESTPOINT .040"" DIA RND PAD"
N104,6170,5355,0,Bottom,TPOINT40,TPOINT40,Yes,Yes,"TESTPOINT .040"" DIA RND PAD"
N105,5105,5480,0,Bottom,TPOINT40,TPOINT40,Yes,Yes,"TESTPOINT .040"" DIA RND PAD"
N106,750,2980,0,Bottom,TPOINT40,TPOINT40,Yes,Yes,TESTPOINT .060 DIA RND PAD
N107,2380,5945,0,Bottom,TPOINT60,TPOINT60,Yes,Yes,TESTPOINT .060 DIA RND PAD
N108,2330,5275,0,Bottom,TPOINT40,TPOINT40,Yes,Yes,"TESTPOINT .040"" DIA RND PAD"
N109,4290,5270,0,Bottom,TPOINT40,TPOINT40,Yes,Yes,TESTPOINT .060 DIA RND PAD
N110,6430,5275,0,Bottom,TPOINT40,TPOINT40,Yes,Yes,TESTPOINT .060 DIA RND PAD
N111,205,5208,0,Bottom,TPOINT40,TPOINT40,Yes,Yes,"TESTPOINT .040"" DIA RND PAD"
N112,3125,5240,0,Bottom,TPOINT40,TPOINT40,Yes,Yes,TESTPOINT .060 DIA RND PAD
N113,6170,5200,0,Bottom,TPOINT40,TPOINT40,Yes,Yes,TESTPOINT .060 DIA RND PAD
N114,2000,5960,0,Bottom,TPOINT60,TPOINT60,Yes,Yes,TESTPOINT .060 DIA RND PAD
N115,5155,5170,0,Bottom,TPOINT40,TPOINT40,Yes,Yes,"TESTPOINT .040"" DIA RND PAD"
N116,175,2755,0,Bottom,TPOINT40,TPOINT40,Yes,Yes,"TESTPOINT .040"" DIA RND PAD"
N117,320,6445,0,Bottom,TPOINT40,TPOINT40,Yes,Yes,"TESTPOINT .040"" DIA RND PAD"
N118,2645,5125,0,Bottom,TPOINT40,TPOINT40,Yes,Yes,"TESTPOINT .040"" DIA RND PAD"
N119,205,5052,0,Bottom,TPOINT40,TPOINT40,Yes,Yes,"TESTPOINT .040"" DIA RND PAD"
N120,840,5180,0,Bottom,TPOINT40,TPOINT40,Yes,Yes,"TESTPOINT .040"" DIA RND PAD"
N121,1225,1535,0,Bottom,TPOINT40,TPOINT40,Yes,Yes,TESTPOINT .060 DIA RND PAD
N122,4585,5045,0,Bottom,TPOINT40,TPOINT40,Yes,Yes,"TESTPOINT .040"" DIA RND PAD"
N123,1400,1950,0,Bottom,TPOINT40,TPOINT40,Yes,Yes,TESTPOINT .060 DIA RND PAD
N124,1385,2485,0,Bottom,TPOINT40,TPOINT40,Yes,Yes,TESTPOINT .060 DIA RND PAD
N125,2645,4985,0,Bottom,TPOINT40,TPOINT40,Yes,Yes,TESTPOINT .060 DIA RND PAD
N126,3250,4975,0,Bottom,TPOINT40,TPOINT40,Yes,Yes,"TESTPOINT .040"" DIA RND PAD"
N127,4290,4980,0,Bottom,TPOINT40,TPOINT40,Yes,Yes,"TESTPOINT .040"" DIA RND PAD"
N128,355,4785,0,Bottom,TPOINT40,TPOINT40,Yes,Yes,"TESTPOINT .040"" DIA RND PAD"
N129,640,5385,0,Bottom,TPOINT40,TPOINT40,Yes,Yes,"TESTPOINT .040"" DIA RND PAD"
N130,2370,4895,0,Bottom,TPOINT40,TPOINT40,Yes,Yes,TESTPOINT .060 DIA RND PAD
N131,2825,4940,0,Bottom,TPOINT40,TPOINT40,Yes,Yes,"TESTPOINT .040"" DIA RND PAD"
N132,5180,4920,0,Bottom,TPOINT40,TPOINT40,Yes,Yes,"TESTPOINT .040"" DIA RND PAD"
N133,1630,2115,0,Bottom,TPOINT40,TPOINT40,Yes,Yes,TESTPOINT .060 DIA RND PAD
N134,695,4960,0,Bottom,TPOINT40,TPOINT40,Yes,Yes,"TESTPOINT .040"" DIA RND PAD"
N135,1575,2270,0,Bottom,TPOINT40,TPOINT40,Yes,Yes,TESTPOINT .060 DIA RND PAD
N137,2825,4840,0,Bottom,TPOINT40,TPOINT40,Yes,Yes,"TESTPOINT .040"" DIA RND PAD"
N138,4550,4870,0,Bottom,TPOINT40,TPOINT40,Yes,Yes,"TESTPOINT .040"" DIA RND PAD"
N139,695,4815,0,Bottom,TPOINT40,TPOINT40,Yes,Yes,"TESTPOINT .040"" DIA RND PAD"
N140,1005,4815,0,Bottom,TPOINT40,TPOINT40,Yes,Yes,"TESTPOINT .040"" DIA RND PAD"
N148,6430,4725,0,Bottom,TPOINT40,TPOINT40,Yes,Yes,TESTPOINT .060 DIA RND PAD
N149,6800,4710,0,Bottom,TPOINT40,TPOINT40,Yes,Yes,TESTPOINT .060 DIA RND PAD
N154,135,4615,0,Bottom,TPOINT40,TPOINT40,Yes,Yes,"TESTPOINT .040"" DIA RND PAD"
N155,630,4585,0,Bottom,TPOINT40,TPOINT40,Yes,Yes,"TESTPOINT .040"" DIA RND PAD"
N164,3325,4620,0,Bottom,TPOINT40,TPOINT40,Yes,Yes,TESTPOINT .060 DIA RND PAD
N165,4695,4610,0,Bottom,TPOINT40,TPOINT40,Yes,Yes,TESTPOINT .060 DIA RND PAD
N166,4990,4590,0,Bottom,TPOINT40,TPOINT40,Yes,Yes,TESTPOINT .060 DIA RND PAD
N167,6430,4570,0,Bottom,TPOINT40,TPOINT40,Yes,Yes,TESTPOINT .060 DIA RND PAD
N169,4815,4530,0,Bottom,TPOINT40,TPOINT40,Yes,Yes,TESTPOINT .060 DIA RND PAD
N170,4910,4565,0,Bottom,TPOINT40,TPOINT40,Yes,Yes,TESTPOINT .060 DIA RND PAD
N173,6800,4485,0,Bottom,TPOINT40,TPOINT40,Yes,Yes,"TESTPOINT .040"" DIA RND PAD"
N179,5550,4370,0,Bottom,TPOINT40,TPOINT40,Yes,Yes,TESTPOINT .060 DIA RND PAD
N185,5230,4330,0,Bottom,TPOINT40,TPOINT40,Yes,Yes,TESTPOINT .060 DIA RND PAD
N186,5860,4335,0,Bottom,TPOINT40,TPOINT40,Yes,Yes,TESTPOINT .060 DIA RND PAD
N187,6085,4335,0,Bottom,TPOINT40,TPOINT40,Yes,Yes,TESTPOINT .060 DIA RND PAD
N191,2395,4145,0,Bottom,TPOINT40,TPOINT40,Yes,Yes,"TESTPOINT .040"" DIA RND PAD"
N193,4815,4275,0,Bottom,TPOINT40,TPOINT40,Yes,Yes,"TESTPOINT .040"" DIA RND PAD"
N195,5550,4220,0,Bottom,TPOINT40,TPOINT40,Yes,Yes,TESTPOINT .060 DIA RND PAD
N196,5860,4180,0,Bottom,TPOINT40,TPOINT40,Yes,Yes,TESTPOINT .060 DIA RND PAD
N197,6100,4180,0,Bottom,TPOINT40,TPOINT40,Yes,Yes,TESTPOINT .060 DIA RND PAD
N198,6210,4175,0,Bottom,TPOINT40,TPOINT40,Yes,Yes,TESTPOINT .060 DIA RND PAD
N199,6800,4170,0,Bottom,TPOINT40,TPOINT40,Yes,Yes,"TESTPOINT .040"" DIA RND PAD"
N200,215,4110,0,Bottom,TPOINT40,TPOINT40,Yes,Yes,"TESTPOINT .040"" DIA RND PAD"
N205,5095,4105,0,Bottom,TPOINT40,TPOINT40,Yes,Yes,TESTPOINT .060 DIA RND PAD
N208,5550,4065,0,Bottom,TPOINT40,TPOINT40,Yes,Yes,TESTPOINT .060 DIA RND PAD
N209,2120,3975,0,Bottom,TPOINT40,TPOINT40,Yes,Yes,TESTPOINT .060 DIA RND PAD
N210,4895,4035,0,Bottom,TPOINT40,TPOINT40,Yes,Yes,"TESTPOINT .040"" DIA RND PAD"
N211,5860,4030,0,Bottom,TPOINT40,TPOINT40,Yes,Yes,TESTPOINT .060 DIA RND PAD
N218,6205,3860,0,Bottom,TPOINT40,TPOINT40,Yes,Yes,TESTPOINT .060 DIA RND PAD
N219,260,3765,0,Bottom,TPOINT40,TPOINT40,Yes,Yes,"TESTPOINT .040"" DIA RND PAD"
N222,2800,3805,0,Bottom,TPOINT40,TPOINT40,Yes,Yes,TESTPOINT .060 DIA RND PAD
N223,4865,3480,0,Bottom,TPOINT40,TPOINT40,Yes,Yes,"TESTPOINT .040"" DIA RND PAD"
N225,3100,3705,0,Bottom,TPOINT40,TPOINT40,Yes,Yes,"TESTPOINT .040"" DIA RND PAD"
N227,2085,3565,0,Bottom,TPOINT40,TPOINT40,Yes,Yes,TESTPOINT .060 DIA RND PAD
N228,260,3585,0,Bottom,TPOINT40,TPOINT40,Yes,Yes,"TESTPOINT .040"" DIA RND PAD"
N229,2230,3530,0,Bottom,TPOINT40,TPOINT40,Yes,Yes,TESTPOINT .060 DIA RND PAD
N230,370,3480,0,Bottom,TPOINT40,TPOINT40,Yes,Yes,"TESTPOINT .040"" DIA RND PAD"
N232,455,3310,0,Bottom,TPOINT40,TPOINT40,Yes,Yes,"TESTPOINT .040"" DIA RND PAD"
N233,2160,3350,0,Bottom,TPOINT40,TPOINT40,Yes,Yes,TESTPOINT .060 DIA RND PAD
N234,2580,3350,0,Bottom,TPOINT40,TPOINT40,Yes,Yes,TESTPOINT .060 DIA RND PAD
N236,2590,3250,0,Bottom,TPOINT40,TPOINT40,Yes,Yes,TESTPOINT .060 DIA RND PAD
N237,290,3230,0,Bottom,TPOINT40,TPOINT40,Yes,Yes,"TESTPOINT .040"" DIA RND PAD"
N238,415,3170,0,Bottom,TPOINT40,TPOINT40,Yes,Yes,"TESTPOINT .040"" DIA RND PAD"
N239,2085,3135,0,Bottom,TPOINT40,TPOINT40,Yes,Yes,TESTPOINT .060 DIA RND PAD
N242,1465,2890,0,Bottom,TPOINT40,TPOINT40,Yes,Yes,TESTPOINT .060 DIA RND PAD
N243,3325,2985,0,Bottom,TPOINT40,TPOINT40,Yes,Yes,"TESTPOINT .040"" DIA RND PAD"
N244,6360,2955,0,Bottom,TPOINT40,TPOINT40,Yes,Yes,"TESTPOINT .040"" DIA RND PAD"
N245,465,2855,0,Bottom,TPOINT40,TPOINT40,Yes,Yes,"TESTPOINT .040"" DIA RND PAD"
N246,2480,2920,0,Bottom,TPOINT40,TPOINT40,Yes,Yes,TESTPOINT .060 DIA RND PAD
N247,2980,2915,0,Bottom,TPOINT40,TPOINT40,Yes,Yes,TESTPOINT .060 DIA RND PAD
N248,3305,2885,0,Bottom,TPOINT40,TPOINT40,Yes,Yes,"TESTPOINT .040"" DIA RND PAD"
N249,5550,2890,0,Bottom,TPOINT40,TPOINT40,Yes,Yes,"TESTPOINT .040"" DIA RND PAD"
N250,970,2860,0,Bottom,TPOINT40,TPOINT40,Yes,Yes,TESTPOINT .060 DIA RND PAD
N251,1530,2815,0,Bottom,TPOINT40,TPOINT40,Yes,Yes,TESTPOINT .060 DIA RND PAD
N252,4815,2825,0,Bottom,TPOINT40,TPOINT40,Yes,Yes,"TESTPOINT .040"" DIA RND PAD"
N253,570,2415,0,Bottom,TPOINT40,TPOINT40,Yes,Yes,"TESTPOINT .040"" DIA RND PAD"
N254,495,2760,0,Bottom,TPOINT40,TPOINT40,Yes,Yes,"TESTPOINT .040"" DIA RND PAD"
N255,1050,2745,0,Bottom,TPOINT40,TPOINT40,Yes,Yes,TESTPOINT .060 DIA RND PAD
N256,3300,2770,0,Bottom,TPOINT40,TPOINT40,Yes,Yes,"TESTPOINT .040"" DIA RND PAD"
N257,810,2695,0,Bottom,TPOINT40,TPOINT40,Yes,Yes,TESTPOINT .060 DIA RND PAD
N258,3305,2645,0,Bottom,TPOINT40,TPOINT40,Yes,Yes,"TESTPOINT .040"" DIA RND PAD"
N259,5105,2680,0,Bottom,TPOINT40,TPOINT40,Yes,Yes,"TESTPOINT .040"" DIA RND PAD"
N260,200,2550,0,Bottom,TPOINT40,TPOINT40,Yes,Yes,"TESTPOINT .040"" DIA RND PAD"
N261,1300,2425,0,Bottom,TPOINT40,TPOINT40,Yes,Yes,TESTPOINT .060 DIA RND PAD
N263,4275,2420,0,Bottom,TPOINT40,TPOINT40,Yes,Yes,TESTPOINT .060 DIA RND PAD
N264,200,2395,0,Bottom,TPOINT40,TPOINT40,Yes,Yes,"TESTPOINT .040"" DIA RND PAD"
N265,1100,2345,0,Bottom,TPOINT40,TPOINT40,Yes,Yes,TESTPOINT .060 DIA RND PAD
N267,1590,2370,0,Bottom,TPOINT40,TPOINT40,Yes,Yes,TESTPOINT .060 DIA RND PAD
N268,1445,2315,0,Bottom,TPOINT40,TPOINT40,Yes,Yes,TESTPOINT .060 DIA RND PAD
N269,2480,2330,0,Bottom,TPOINT40,TPOINT40,Yes,Yes,TESTPOINT .060 DIA RND PAD
N270,2680,2325,0,Bottom,TPOINT40,TPOINT40,Yes,Yes,TESTPOINT .060 DIA RND PAD
N271,2830,2325,0,Bottom,TPOINT40,TPOINT40,Yes,Yes,TESTPOINT .060 DIA RND PAD
N272,4275,2300,0,Bottom,TPOINT40,TPOINT40,Yes,Yes,TESTPOINT .060 DIA RND PAD
N273,370,2235,0,Bottom,TPOINT40,TPOINT40,Yes,Yes,"TESTPOINT .040"" DIA RND PAD"
N274,545,2190,0,Bottom,TPOINT40,TPOINT40,Yes,Yes,"TESTPOINT .040"" DIA RND PAD"
N275,6360,2205,0,Bottom,TPOINT40,TPOINT40,Yes,Yes,"TESTPOINT .040"" DIA RND PAD"
N276,270,2130,0,Bottom,TPOINT40,TPOINT40,Yes,Yes,"TESTPOINT .040"" DIA RND PAD"
N277,725,2135,0,Bottom,TPOINT40,TPOINT40,Yes,Yes,"TESTPOINT .040"" DIA RND PAD"
N278,1520,2140,0,Bottom,TPOINT40,TPOINT40,Yes,Yes,TESTPOINT .060 DIA RND PAD
N279,4275,2180,0,Bottom,TPOINT40,TPOINT40,Yes,Yes,"TESTPOINT .040"" DIA RND PAD"
N280,5550,2135,0,Bottom,TPOINT40,TPOINT40,Yes,Yes,"TESTPOINT .040"" DIA RND PAD"
N281,600,2070,0,Bottom,TPOINT40,TPOINT40,Yes,Yes,"TESTPOINT .040"" DIA RND PAD"
N283,2620,2105,0,Bottom,TPOINT40,TPOINT40,Yes,Yes,TESTPOINT .060 DIA RND PAD
N284,2745,2100,0,Bottom,TPOINT40,TPOINT40,Yes,Yes,TESTPOINT .060 DIA RND PAD
N285,4790,2075,0,Bottom,TPOINT40,TPOINT40,Yes,Yes,"TESTPOINT .040"" DIA RND PAD"
N286,1330,2050,0,Bottom,TPOINT40,TPOINT40,Yes,Yes,TESTPOINT .060 DIA RND PAD
N287,4970,2050,0,Bottom,TPOINT40,TPOINT40,Yes,Yes,"TESTPOINT .040"" DIA RND PAD"
N288,1125,2035,0,Bottom,TPOINT40,TPOINT40,Yes,Yes,TESTPOINT .060 DIA RND PAD
N289,1220,1840,0,Bottom,TPOINT40,TPOINT40,Yes,Yes,TESTPOINT .060 DIA RND PAD
N290,1470,1830,0,Bottom,TPOINT40,TPOINT40,Yes,Yes,TESTPOINT .060 DIA RND PAD
N291,2345,1820,0,Bottom,TPOINT40,TPOINT40,Yes,Yes,TESTPOINT .060 DIA RND PAD
N292,2635,1765,0,Bottom,TPOINT40,TPOINT40,Yes,Yes,TESTPOINT .060 DIA RND PAD
N295,1585,1755,0,Bottom,TPOINT40,TPOINT40,Yes,Yes,TESTPOINT .060 DIA RND PAD
N296,2740,1580,0,Bottom,TPOINT40,TPOINT40,Yes,Yes,TESTPOINT .060 DIA RND PAD
N297,225,1482,0,Bottom,TPOINT40,TPOINT40,Yes,Yes,TESTPOINT .060 DIA RND PAD
N299,5550,1390,0,Bottom,TPOINT40,TPOINT40,Yes,Yes,"TESTPOINT .040"" DIA RND PAD"
N300,6355,1455,0,Bottom,TPOINT40,TPOINT40,Yes,Yes,"TESTPOINT .040"" DIA RND PAD"
N302,4275,1380,0,Bottom,TPOINT40,TPOINT40,Yes,Yes,TESTPOINT .060 DIA RND PAD
N303,615,1385,0,Bottom,TPOINT40,TPOINT40,Yes,Yes,TESTPOINT .060 DIA RND PAD
N304,4790,1335,0,Bottom,TPOINT40,TPOINT40,Yes,Yes,"TESTPOINT .040"" DIA RND PAD"
N305,4970,1310,0,Bottom,TPOINT40,TPOINT40,Yes,Yes,"TESTPOINT .040"" DIA RND PAD"
N306,2020,1315,0,Bottom,TPOINT40,TPOINT40,Yes,Yes,TESTPOINT .060 DIA RND PAD
N307,4275,1140,0,Bottom,TPOINT40,TPOINT40,Yes,Yes,TESTPOINT .060 DIA RND PAD
N309,2030,6625,0,Bottom,TPOINT60,TPOINT60,Yes,Yes,TESTPOINT .060 DIA RND PAD
N311,1960,635,0,Bottom,TPOINT40,TPOINT40,Yes,Yes,TESTPOINT .060 DIA RND PAD
N312,6360,705,0,Bottom,TPOINT40,TPOINT40,Yes,Yes,"TESTPOINT .040"" DIA RND PAD"
N313,4790,675,0,Bottom,TPOINT40,TPOINT40,Yes,Yes,"TESTPOINT .040"" DIA RND PAD"
N314,4970,650,0,Bottom,TPOINT40,TPOINT40,Yes,Yes,"TESTPOINT .040"" DIA RND PAD"
N315,5550,640,0,Bottom,TPOINT40,TPOINT40,Yes,Yes,"TESTPOINT .040"" DIA RND PAD"
N317,1440,460,0,Bottom,TPOINT40,TPOINT40,Yes,Yes,"TESTPOINT .040"" DIA RND PAD"
N318,775,2810,0,Bottom,TPOINT40,TPOINT40,Yes,Yes,"TESTPOINT .040"" DIA RND PAD"
N319,1870,490,0,Bottom,TPOINT40,TPOINT40,Yes,Yes,"TESTPOINT .040"" DIA RND PAD"
N320,2240,460,0,Bottom,TPOINT40,TPOINT40,Yes,Yes,"TESTPOINT .040"" DIA RND PAD"
N321,2450,470,0,Bottom,TPOINT40,TPOINT40,Yes,Yes,"TESTPOINT .040"" DIA RND PAD"
N322,6280,505,0,Bottom,TPOINT40,TPOINT40,Yes,Yes,TESTPOINT .060 DIA RND PAD
N324,1355,150,0,Bottom,TPOINT40,TPOINT40,Yes,Yes,"TESTPOINT .040"" DIA RND PAD"
N325,1360,5,0,Bottom,TPOINT40,TPOINT40,Yes,Yes,"TESTPOINT .040"" DIA RND PAD"
N326,1810,20,0,Bottom,TPOINT40,TPOINT40,Yes,Yes,"TESTPOINT .040"" DIA RND PAD"
N327,1970,20,0,Bottom,TPOINT40,TPOINT40,Yes,Yes,"TESTPOINT .040"" DIA RND PAD"
N328,2125,20,0,Bottom,TPOINT40,TPOINT40,Yes,Yes,"TESTPOINT .040"" DIA RND PAD"
N329,2280,15,0,Bottom,TPOINT40,TPOINT40,Yes,Yes,"TESTPOINT .040"" DIA RND PAD"
N330,2800,6275,0,Bottom,TPOINT60,TPOINT60,Yes,Yes,TESTPOINT .060 DIA RND PAD
N331,2655,6625,0,Bottom,TPOINT60,TPOINT60,Yes,Yes,TESTPOINT .060 DIA RND PAD
N332,2260,6275,0,Bottom,TPOINT60,TPOINT60,Yes,Yes,TESTPOINT .060 DIA RND PAD
N333,2520,5950,0,Bottom,TPOINT60,TPOINT60,Yes,Yes,TESTPOINT .060 DIA RND PAD
N334,2425,4995,0,Bottom,TPOINT60,TPOINT60,Yes,Yes,TESTPOINT .060 DIA RND PAD
N335,2530,5125,0,Bottom,TPOINT60,TPOINT60,Yes,Yes,TESTPOINT .060 DIA RND PAD
N336,1125,4645,0,Bottom,TPOINT60,TPOINT60,Yes,Yes,TESTPOINT .060 DIA RND PAD
N338,2632,6308,0,Bottom,TPOINT60,TPOINT60,Yes,Yes,TESTPOINT .060 DIA RND PAD
N339,1360,5400,0,Bottom,TPOINT60,TPOINT60,Yes,Yes,TESTPOINT .060 DIA RND PAD
N340,1460,5400,0,Bottom,TPOINT60,TPOINT60,Yes,Yes,TESTPOINT .060 DIA RND PAD
N341,2155,5835,0,Bottom,TPOINT60,TPOINT60,Yes,Yes,TESTPOINT .060 DIA RND PAD
N342,2110,5250,0,Bottom,TPOINT60,TPOINT60,Yes,Yes,TESTPOINT .060 DIA RND PAD
N343,1105,3110,0,Bottom,TPOINT60,TPOINT60,Yes,Yes,TESTPOINT .060 DIA RND PAD
N344,1145,3845,0,Bottom,TPOINT60,TPOINT60,Yes,Yes,TESTPOINT .060 DIA RND PAD
N345,3065,4675,0,Bottom,TPOINT60,TPOINT60,Yes,Yes,TESTPOINT .060 DIA RND PAD
N346,1205,3110,0,Bottom,TPOINT60,TPOINT60,Yes,Yes,TESTPOINT .060 DIA RND PAD
N347,1455,3145,0,Bottom,TPOINT60,TPOINT60,Yes,Yes,TESTPOINT .060 DIA RND PAD
N348,1965,5290,0,Bottom,TPOINT60,TPOINT60,Yes,Yes,TESTPOINT .060 DIA RND PAD
N350,2075,4995,0,Bottom,TPOINT60,TPOINT60,Yes,Yes,TESTPOINT .060 DIA RND PAD
N352,1607,4279,0,Bottom,TPOINT60,TPOINT60,Yes,Yes,TESTPOINT .060 DIA RND PAD
N353,1610,5265,0,Bottom,TPOINT60,TPOINT60,Yes,Yes,TESTPOINT .060 DIA RND PAD
N354,2370,4570,0,Bottom,TPOINT60,TPOINT60,Yes,Yes,TESTPOINT .060 DIA RND PAD
N355,2395,4740,0,Bottom,TPOINT60,TPOINT60,Yes,Yes,TESTPOINT .060 DIA RND PAD
N356,2720,4335,0,Bottom,TPOINT60,TPOINT60,Yes,Yes,TESTPOINT .060 DIA RND PAD
N357,2965,6625,0,Bottom,TPOINT60,TPOINT60,Yes,Yes,TESTPOINT .060 DIA RND PAD
N358,2185,6625,0,Bottom,TPOINT60,TPOINT60,Yes,Yes,TESTPOINT .060 DIA RND PAD
N359,1500,3765,0,Bottom,TPOINT60,TPOINT60,Yes,Yes,TESTPOINT .060 DIA RND PAD
N360,1190,3690,0,Bottom,TPOINT60,TPOINT60,Yes,Yes,TESTPOINT .060 DIA RND PAD
N361,2185,6420,0,Bottom,TPOINT60,TPOINT60,Yes,Yes,TESTPOINT .060 DIA RND PAD
N362,1890,4780,0,Bottom,TPOINT60,TPOINT60,Yes,Yes,TESTPOINT .060 DIA RND PAD
N363,1250,5015,0,Bottom,TPOINT60,TPOINT60,Yes,Yes,TESTPOINT .060 DIA RND PAD
N364,2300,6845,0,Bottom,TPOINT60,TPOINT60,Yes,Yes,TESTPOINT .060 DIA RND PAD
N365,1124,4908,0,Bottom,TPOINT60,TPOINT60,Yes,Yes,TESTPOINT .060 DIA RND PAD
N366,2130,6840,0,Bottom,TPOINT60,TPOINT60,Yes,Yes,TESTPOINT .060 DIA RND PAD
N367,927,4978,0,Bottom,TPOINT60,TPOINT60,Yes,Yes,TESTPOINT .060 DIA RND PAD
N368,2500,4840,0,Bottom,TPOINT60,TPOINT60,Yes,Yes,TESTPOINT .060 DIA RND PAD
N369,1356,4484,0,Bottom,TPOINT60,TPOINT60,Yes,Yes,TESTPOINT .060 DIA RND PAD
N370,1690,4615,0,Bottom,TPOINT60,TPOINT60,Yes,Yes,TESTPOINT .060 DIA RND PAD
N371,1690,4715,0,Bottom,TPOINT60,TPOINT60,Yes,Yes,TESTPOINT .060 DIA RND PAD
N372,1440,4300,0,Bottom,TPOINT60,TPOINT60,Yes,Yes,TESTPOINT .060 DIA RND PAD
N373,1408,4404,0,Bottom,TPOINT60,TPOINT60,Yes,Yes,TESTPOINT .060 DIA RND PAD
N374,1230,4600,0,Bottom,TPOINT60,TPOINT60,Yes,Yes,TESTPOINT .060 DIA RND PAD
N375,1135,4755,0,Bottom,TPOINT60,TPOINT60,Yes,Yes,TESTPOINT .060 DIA RND PAD
N376,1425,4785,0,Bottom,TPOINT60,TPOINT60,Yes,Yes,TESTPOINT .060 DIA RND PAD
N377,1325,4800,0,Bottom,TPOINT60,TPOINT60,Yes,Yes,TESTPOINT .060 DIA RND PAD
N378,1255,4870,0,Bottom,TPOINT60,TPOINT60,Yes,Yes,TESTPOINT .060 DIA RND PAD
N379,1765,5330,0,Bottom,TPOINT60,TPOINT60,Yes,Yes,TESTPOINT .060 DIA RND PAD
N380,2590,4455,0,Bottom,TPOINT60,TPOINT60,Yes,Yes,TESTPOINT .060 DIA RND PAD
N381,2540,4625,0,Bottom,TPOINT60,TPOINT60,Yes,Yes,TESTPOINT .060 DIA RND PAD
N382,2900,4365,0,Bottom,TPOINT60,TPOINT60,Yes,Yes,TESTPOINT .060 DIA RND PAD
N383,3065,4250,0,Bottom,TPOINT60,TPOINT60,Yes,Yes,TESTPOINT .060 DIA RND PAD
N384,3035,4805,0,Bottom,TPOINT60,TPOINT60,Yes,Yes,TESTPOINT .060 DIA RND PAD
N385,2625,4575,0,Bottom,TPOINT60,TPOINT60,Yes,Yes,TESTPOINT .060 DIA RND PAD
N386,2935,4585,0,Bottom,TPOINT60,TPOINT60,Yes,Yes,TESTPOINT .060 DIA RND PAD
N387,2825,4605,0,Bottom,TPOINT60,TPOINT60,Yes,Yes,TESTPOINT .060 DIA RND PAD
N388,1748,4480,0,Bottom,TPOINT60,TPOINT60,Yes,Yes,TESTPOINT .060 DIA RND PAD
N389,2110,4155,0,Bottom,TPOINT60,TPOINT60,Yes,Yes,TESTPOINT .060 DIA RND PAD
N390,1816,4236,0,Bottom,TPOINT60,TPOINT60,Yes,Yes,TESTPOINT .060 DIA RND PAD
N391,1612,4092,0,Bottom,TPOINT60,TPOINT60,Yes,Yes,TESTPOINT .060 DIA RND PAD
N392,1985,4535,0,Bottom,TPOINT60,TPOINT60,Yes,Yes,TESTPOINT .060 DIA RND PAD
N393,1985,4635,0,Bottom,TPOINT60,TPOINT60,Yes,Yes,TESTPOINT .060 DIA RND PAD
N394,2140,4375,0,Bottom,TPOINT60,TPOINT60,Yes,Yes,TESTPOINT .060 DIA RND PAD
N395,2176,4272,0,Bottom,TPOINT60,TPOINT60,Yes,Yes,TESTPOINT .060 DIA RND PAD
N396,1100,4144,0,Bottom,TPOINT60,TPOINT60,Yes,Yes,TESTPOINT .060 DIA RND PAD
N397,1880,4660,0,Bottom,TPOINT60,TPOINT60,Yes,Yes,TESTPOINT .060 DIA RND PAD
N398,2985,4310,0,Bottom,TPOINT60,TPOINT60,Yes,Yes,TESTPOINT .060 DIA RND PAD
N399,1055,4330,0,Bottom,TPOINT60,TPOINT60,Yes,Yes,TESTPOINT .060 DIA RND PAD
N400,1125,4260,0,Bottom,TPOINT60,TPOINT60,Yes,Yes,TESTPOINT .060 DIA RND PAD
N401,664,4368,0,Bottom,TPOINT60,TPOINT60,Yes,Yes,TESTPOINT .060 DIA RND PAD
N402,1040,3815,0,Bottom,TPOINT60,TPOINT60,Yes,Yes,TESTPOINT .060 DIA RND PAD
N403,1384,4012,0,Bottom,TPOINT60,TPOINT60,Yes,Yes,TESTPOINT .060 DIA RND PAD
N404,1300,3808,0,Bottom,TPOINT60,TPOINT60,Yes,Yes,TESTPOINT .060 DIA RND PAD
N405,1105,5080,0,Bottom,TPOINT60,TPOINT60,Yes,Yes,TESTPOINT .060 DIA RND PAD
N406,1180,5185,0,Bottom,TPOINT60,TPOINT60,Yes,Yes,TESTPOINT .060 DIA RND PAD
N407,544,4228,0,Bottom,TPOINT60,TPOINT60,Yes,Yes,TESTPOINT .060 DIA RND PAD
N408,520,4360,0,Bottom,TPOINT60,TPOINT60,Yes,Yes,TESTPOINT .060 DIA RND PAD
N409,900,3760,0,Bottom,TPOINT60,TPOINT60,Yes,Yes,TESTPOINT .060 DIA RND PAD
N410,2555,6520,0,Bottom,TPOINT60,TPOINT60,Yes,Yes,TESTPOINT .060 DIA RND PAD
Q200,210,3455,270,Bottom,604-00002-00,QS3B-BOT,Yes,Yes,NPN 40V 0.6A SOT-23
Q201,340,3095,90,Bottom,604-00002-00,QS3B-BOT,Yes,Yes,NPN 40V 0.6A SOT-23
R200,260,3855,90,Bottom,601-00280-13,RS0603,Yes,Yes,RES SMD0603 10K 1/10W 5%
R201,260,3675,90,Bottom,601-00280-13,RS0603,Yes,Yes,RES SMD0603 10K 1/10W 5%
R202,290,3335,270,Bottom,601-00391-13,RS0603,Yes,Yes,RES 22K 1/10W 5% 0603
R203,290,2885,90,Bottom,601-00280-13,RS0603,Yes,Yes,RES SMD0603 10K 1/10W 5%
R204,390,3335,270,Bottom,601-00243-13,RS0603,Yes,Yes,RES SMD0603 1K 1/10W 5%
R205,390,2885,270,Bottom,601-00280-13,RS0603,Yes,Yes,RES SMD0603 10K 1/10W 5%
R206,2750,4465,90,Bottom,601-00283-13,RS0603,Yes,Yes,RES SMD0603 100 OHM 1/10W 1%
R207,485,3185,270,Bottom,601-00243-13,RS0603,Yes,Yes,RES SMD0603 1K 1/10W 5%
R208,485,3010,90,Bottom,601-00391-13,RS0603,Yes,Yes,RES 22K 1/10W 5% 0603
R209,540,4490,270,Bottom,601-00284-13,RS0603,Yes,Yes,RES SMD0603 47K 1/10W 5%
R210,545,1940,90,Bottom,601-00364-13,RS0603,Yes,Yes,RES 4.7K 5% 1/10W 0603
R211,630,4495,270,Bottom,601-00364-13,RS0603,Yes,Yes,RES 4.7K 5% 1/10W 0603
R212,640,1940,90,Bottom,601-00364-13,RS0603,Yes,Yes,RES 4.7K 5% 1/10W 0603
R213,805,6050,270,Bottom,601-00364-13,RS0603,Yes,Yes,RES 4.7K 5% 1/10W 0603
R214,855,4490,270,Bottom,601-00408-13,RS0603,Yes,Yes,RES 1.5K 1/10W 5% 0603
R215,920,6050,270,Bottom,601-00364-13,RS0603,Yes,Yes,RES 4.7K 5% 1/10W 0603
R216,935,4490,270,Bottom,601-00284-13,RS0603,Yes,Yes,RES SMD0603 47K 1/10W 5%
R217,2260,4990,270,Bottom,601-00280-13,RS0603,Yes,Yes,RES SMD0603 10K 1/10W 5%
R218,2415,4415,90,Bottom,601-00280-13,RS0603,Yes,Yes,RES SMD0603 10K 1/10W 5%
R219,1035,6050,270,Bottom,601-00364-13,RS0603,Yes,Yes,RES 4.7K 5% 1/10W 0603
R220,1030,4490,270,Bottom,601-00364-13,RS0603,Yes,Yes,RES 4.7K 5% 1/10W 0603
R221,1630,2500,270,Bottom,601-04077-00,RS0805,Yes,Yes,RES SMD0805 1/8W 1.5K 5%
R222,1690,2340,270,Bottom,601-05001-183J,RS0603,Yes,Yes,"RES 18K, 5%, 0603"
R223,1695,2150,270,Bottom,601-05001-183J,RS0603,Yes,Yes,"RES 18K, 5%, 0603"
R224,1430,3800,270,Bottom,601-00283-13,RS0603,Yes,Yes,RES SMD0603 100 OHM 1/10W 1%
R225,1125,2245,90,Bottom,601-05001-4751F,RS0603,Yes,Yes,RES SMT 4.75K 1% 0603
R226,1225,1695,270,Bottom,601-00051-00,RS1206,Yes,Yes,RES SMD1206 1/8W 33K 5%
R227,1180,5050,270,Bottom,601-05001-680J,RS0603,Yes,Yes,RES 68 OHM 5% 1/10W 0603
R228,1196,4210,270,Bottom,601-00408-13,RS0603,Yes,Yes,RES 1.5K 1/10W 5% 0603
R230,1145,2850,270,Bottom,601-04000-00,RS0805,Yes,Yes,RES SMD0805 1/8W 0 5%
R231,1220,4465,90,Bottom,601-00280-13,RS0603,Yes,Yes,RES SMD0603 10K 1/10W 5%
R232,1260,4210,90,Bottom,601-00280-13,RS0603,Yes,Yes,RES SMD0603 10K 1/10W 5%
R233,1200,4005,270,Bottom,601-00364-13,RS0603,Yes,Yes,RES 4.7K 5% 1/10W 0603
R235,1235,2850,270,Bottom,601-04488-00,RS0805,Yes,Yes,RES SMD0805 1/8W 1K 1%
R236,1220,2270,90,Bottom,601-05004-4751F,RS1206,Yes,Yes,RES SMT 4.75K 1% 1206
R237,1220,2055,270,Bottom,601-00051-00,RS1206,Yes,Yes,RES SMD1206 1/8W 33K 5%
R238,1290,4465,90,Bottom,601-00280-13,RS0603,Yes,Yes,RES SMD0603 10K 1/10W 5%
R239,1210,3390,270,Bottom,601-05001-49R9F,RS0603,Yes,Yes,RES 49.9 1% 1/10W 0603
R240,1365,4920,90,Bottom,601-05001-39R0F,RS0603,Yes,Yes,RES 39 OHM 1% 1/10W 0603
R241,1385,4215,90,Bottom,601-00280-13,RS0603,Yes,Yes,RES SMD0603 10K 1/10W 5%
R242,1285,3390,90,Bottom,601-05001-49R9F,RS0603,Yes,Yes,RES 49.9 1% 1/10W 0603
R243,1380,2835,90,Bottom,601-00379-13,RS0603,Yes,Yes,RES 86.6 OHM 1/10W 1% 0603
R244,1330,2270,270,Bottom,601-05004-5621F,RS1206,Yes,Yes,RES SMT 5.62K 1% 1206
R245,1445,4920,90,Bottom,601-05001-39R0F,RS0603,Yes,Yes,RES 39 OHM 1% 1/10W 0603
R246,1120,3655,90,Bottom,601-00283-13,RS0603,Yes,Yes,RES SMD0603 100 OHM 1/10W 1%
R247,1430,2160,90,Bottom,601-05004-6191F,RS1206,Yes,Yes,RES SMT 6.19K 1% 1206
R248,1405,335,90,Bottom,601-00284-13,RS0603,Yes,Yes,RES SMD0603 47K 1/10W 5%
R249,1500,335,90,Bottom,601-00364-13,RS0603,Yes,Yes,RES 4.7K 5% 1/10W 0603
R250,1610,6430,90,Bottom,601-00283-13,RS0603,Yes,Yes,RES SMD0603 100 OHM 1/10W 1%
R251,1610,6230,90,Bottom,601-00280-13,RS0603,Yes,Yes,RES SMD0603 10K 1/10W 5%
R252,1965,6170,270,Bottom,601-00241-13,RS0603,Yes,Yes,RES 0 OHM 1A 0603
R253,1595,335,90,Bottom,601-00364-13,RS0603,Yes,Yes,RES 4.7K 5% 1/10W 0603
R254,1615,2970,270,Bottom,601-00388-13,RS0603,Yes,Yes,RES 15K 1/10W 1% 0603
R256,1690,335,90,Bottom,601-00284-13,RS0603,Yes,Yes,RES SMD0603 47K 1/10W 5%
R257,1810,6630,90,Bottom,601-00283-13,RS0603,Yes,Yes,RES SMD0603 100 OHM 1/10W 1%
R258,1810,6400,270,Bottom,601-00283-13,RS0603,Yes,Yes,RES SMD0603 100 OHM 1/10W 1%
R259,1810,6235,90,Bottom,601-00283-13,RS0603,Yes,Yes,RES SMD0603 100 OHM 1/10W 1%
R260,1585,1615,90,Bottom,601-00039-00,RS1206,Yes,Yes,RES SMD1206 1/8W 160K 5%
R261,1780,335,90,Bottom,601-00283-13,RS0603,Yes,Yes,RES SMD0603 100 OHM 1/10W 1%
R262,1830,6030,90,Bottom,601-00364-13,RS0603,Yes,Yes,RES 4.7K 5% 1/10W 0603
R263,1830,5405,270,Bottom,601-00284-13,RS0603,Yes,Yes,RES SMD0603 47K 1/10W 5%
R264,1890,1570,270,Bottom,601-00039-00,RS1206,Yes,Yes,RES SMD1206 1/8W 160K 5%
R265,1870,335,90,Bottom,601-00364-13,RS0603,Yes,Yes,RES 4.7K 5% 1/10W 0603
R266,1890,6630,270,Bottom,601-00280-13,RS0603,Yes,Yes,RES SMD0603 10K 1/10W 5%
R267,1890,6400,90,Bottom,601-00280-13,RS0603,Yes,Yes,RES SMD0603 10K 1/10W 5%
R268,1890,6235,270,Bottom,601-00280-13,RS0603,Yes,Yes,RES SMD0603 10K 1/10W 5%
R269,1895,5258,270,Bottom,601-00284-13,RS0603,Yes,Yes,RES SMD0603 47K 1/10W 5%
R270,1885,5125,270,Bottom,601-00241-13,RS0603,Yes,Yes,RES 0 OHM 1A 0603
R271,1965,5125,270,Bottom,601-00241-13,RS0603,Yes,Yes,RES 0 OHM 1A 0603
R272,1965,335,270,Bottom,601-00284-13,RS0603,Yes,Yes,RES SMD0603 47K 1/10W 5%
R273,2085,3265,90,Bottom,601-04051-00,RS0805,Yes,Yes,RES SMD0805 1/8W 120 5%
R274,2080,335,90,Bottom,601-00364-13,RS0603,Yes,Yes,RES 4.7K 5% 1/10W 0603
R275,2185,6310,270,Bottom,601-04059-00,RS0805,Yes,Yes,RES SMD0805 1/8W 270 5%
R276,2155,335,270,Bottom,601-00284-13,RS0603,Yes,Yes,RES SMD0603 47K 1/10W 5%
R277,2264,4320,90,Bottom,601-00364-13,RS0603,Yes,Yes,RES 4.7K 5% 1/10W 0603
R278,2320,4990,90,Bottom,601-00364-13,RS0603,Yes,Yes,RES 4.7K 5% 1/10W 0603
R279,2280,335,270,Bottom,601-00284-13,RS0603,Yes,Yes,RES SMD0603 47K 1/10W 5%
R280,2485,4415,270,Bottom,601-00364-13,RS0603,Yes,Yes,RES 4.7K 5% 1/10W 0603
R281,2375,335,90,Bottom,601-00364-13,RS0603,Yes,Yes,RES 4.7K 5% 1/10W 0603
R282,2480,5515,270,Bottom,601-00364-13,RS0603,Yes,Yes,RES 4.7K 5% 1/10W 0603
R283,2500,3265,90,Bottom,601-04051-00,RS0805,Yes,Yes,RES SMD0805 1/8W 120 5%
R284,2555,4915,90,Bottom,601-00364-13,RS0603,Yes,Yes,RES 4.7K 5% 1/10W 0603
R285,2675,4465,270,Bottom,601-00280-13,RS0603,Yes,Yes,RES SMD0603 10K 1/10W 5%
R286,1700,3920,270,Bottom,601-00026-00,RS1206,Yes,Yes,RES SMD1206 1/8W 4.7K 5%
R287,2735,1740,90,Bottom,601-04021-00,RS0805,Yes,Yes,RES SMD0805 1/8W 6.8 5%
R288,2870,5905,90,Bottom,601-00283-13,RS0603,Yes,Yes,RES SMD0603 100 OHM 1/10W 1%
R289,2870,5765,90,Bottom,601-00280-13,RS0603,Yes,Yes,RES SMD0603 10K 1/10W 5%
R290,2835,5545,90,Bottom,601-00391-13,RS0603,Yes,Yes,RES 22K 1/10W 5% 0603
R291,2825,4465,270,Bottom,601-00280-13,RS0603,Yes,Yes,RES SMD0603 10K 1/10W 5%
R292,2665,3210,90,Bottom,601-04051-00,RS0805,Yes,Yes,RES SMD0805 1/8W 120 5%
R293,2225,3915,270,Bottom,601-00026-00,RS1206,Yes,Yes,RES SMD1206 1/8W 4.7K 5%
R294,2900,4465,90,Bottom,601-00283-13,RS0603,Yes,Yes,RES SMD0603 100 OHM 1/10W 1%
R295,2965,6370,90,Bottom,601-04513-00,RS0805,Yes,Yes,RES SMD0805 1/8W 1.82K 1%
R296,2955,6135,90,Bottom,601-00283-13,RS0603,Yes,Yes,RES SMD0603 100 OHM 1/10W 1%
R297,2955,5545,270,Bottom,601-00364-13,RS0603,Yes,Yes,RES 4.7K 5% 1/10W 0603
R298,2975,4710,270,Bottom,601-00283-13,RS0603,Yes,Yes,RES SMD0603 100 OHM 1/10W 1%
R299,2975,4465,90,Bottom,601-00283-13,RS0603,Yes,Yes,RES SMD0603 100 OHM 1/10W 1%
R300,3030,6070,90,Bottom,601-00280-13,RS0603,Yes,Yes,RES SMD0603 10K 1/10W 5%
R301,3030,5920,270,Bottom,601-00283-13,RS0603,Yes,Yes,RES SMD0603 100 OHM 1/10W 1%
R302,3030,5775,270,Bottom,601-00283-13,RS0603,Yes,Yes,RES SMD0603 100 OHM 1/10W 1%
R303,3055,4465,270,Bottom,601-00280-13,RS0603,Yes,Yes,RES SMD0603 10K 1/10W 5%
R304,3110,5920,90,Bottom,601-00280-13,RS0603,Yes,Yes,RES SMD0603 10K 1/10W 5%
R305,3110,5775,90,Bottom,601-00280-13,RS0603,Yes,Yes,RES SMD0603 10K 1/10W 5%
R306,2930,3645,270,Bottom,601-00391-13,RS0603,Yes,Yes,RES 22K 1/10W 5% 0603
R308,2775,6545,270,Bottom,601-00241-13,RS0603,Yes,Yes,RES 0 OHM 1A 0603
R309,2415,6550,270,Bottom,601-00363-13,RS0603,Yes,Yes,RES 1K 1/10W 5% 0603
R310,870,5080,90,Bottom,601-00280-13,RS0603,Yes,Yes,RES SMD0603 10K 1/10W 5%
R311,1020,5080,270,Bottom,601-00283-13,RS0603,Yes,Yes,RES SMD0603 100 OHM 1/10W 1%
R312,945,5080,270,Bottom,601-00283-13,RS0603,Yes,Yes,RES SMD0603 100 OHM 1/10W 1%
R313,1965,6320,270,Bottom,601-00241-13,RS0603,Yes,Yes,RES 0 OHM 1A 0603
,,,,,,,,,
 EOF ,,,,,,,,,
